issue_id,creator_id,role
1,328,Writer
1,58,Penciler
2,13,Writer
2,380,Penciler
3,141,Writer
3,126,Penciler
4,115,Writer
4,72,Penciler
5,378,Writer
5,53,Penciler
6,347,Writer
6,380,Penciler
7,457,Writer
7,280,Penciler
8,45,Writer
8,303,Penciler
9,217,Writer
9,17,Penciler
10,16,Writer
10,48,Penciler
11,112,Writer
11,120,Penciler
12,259,Writer
12,309,Penciler
13,14,Writer
13,288,Penciler
14,102,Writer
14,367,Penciler
15,333,Writer
15,360,Penciler
16,280,Writer
16,215,Penciler
17,113,Writer
17,230,Penciler
18,302,Writer
18,143,Penciler
19,415,Writer
19,446,Penciler
20,4,Writer
20,389,Penciler
21,413,Writer
21,82,Penciler
22,358,Writer
22,217,Penciler
23,175,Writer
23,143,Penciler
24,80,Writer
24,111,Penciler
25,491,Writer
25,391,Penciler
26,173,Writer
26,53,Penciler
27,48,Writer
27,195,Penciler
28,50,Writer
28,184,Penciler
29,434,Writer
29,177,Penciler
30,310,Writer
30,136,Penciler
31,414,Writer
31,23,Penciler
32,374,Writer
32,236,Penciler
33,275,Writer
33,64,Penciler
34,499,Writer
34,473,Penciler
35,194,Writer
35,41,Penciler
36,283,Writer
36,151,Penciler
37,425,Writer
37,322,Penciler
38,317,Writer
38,454,Penciler
39,442,Writer
39,186,Penciler
40,296,Writer
40,99,Penciler
41,361,Writer
41,36,Penciler
42,24,Writer
42,339,Penciler
43,117,Writer
43,396,Penciler
44,149,Writer
44,41,Penciler
45,438,Writer
45,120,Penciler
46,444,Writer
46,52,Penciler
47,195,Writer
47,143,Penciler
48,233,Writer
48,326,Penciler
49,428,Writer
49,187,Penciler
50,84,Writer
50,190,Penciler
51,182,Writer
51,108,Penciler
52,344,Writer
52,137,Penciler
53,360,Writer
53,480,Penciler
54,350,Writer
54,332,Penciler
55,37,Writer
55,312,Penciler
56,326,Writer
56,88,Penciler
57,274,Writer
57,374,Penciler
58,126,Writer
58,84,Penciler
59,237,Writer
59,195,Penciler
60,139,Writer
60,474,Penciler
61,328,Writer
61,353,Penciler
62,286,Writer
62,113,Penciler
63,351,Writer
63,167,Penciler
64,432,Writer
64,394,Penciler
65,398,Writer
65,29,Penciler
66,118,Writer
66,421,Penciler
67,17,Writer
67,413,Penciler
68,162,Writer
68,206,Penciler
69,138,Writer
69,34,Penciler
70,109,Writer
70,468,Penciler
71,483,Writer
71,291,Penciler
72,449,Writer
72,368,Penciler
73,162,Writer
73,109,Penciler
74,336,Writer
74,256,Penciler
75,203,Writer
75,453,Penciler
76,469,Writer
76,330,Penciler
77,235,Writer
77,74,Penciler
78,136,Writer
78,72,Penciler
79,127,Writer
79,382,Penciler
80,288,Writer
80,276,Penciler
81,135,Writer
81,383,Penciler
82,300,Writer
82,220,Penciler
83,460,Writer
83,299,Penciler
84,205,Writer
84,186,Penciler
85,113,Writer
85,71,Penciler
86,261,Writer
86,253,Penciler
87,47,Writer
87,387,Penciler
88,25,Writer
88,441,Penciler
89,57,Writer
89,79,Penciler
90,322,Writer
90,82,Penciler
91,406,Writer
91,349,Penciler
92,217,Writer
92,306,Penciler
93,33,Writer
93,198,Penciler
94,196,Writer
94,306,Penciler
95,240,Writer
95,271,Penciler
96,129,Writer
96,498,Penciler
97,284,Writer
97,441,Penciler
98,483,Writer
98,6,Penciler
99,349,Writer
99,370,Penciler
100,59,Writer
100,350,Penciler
101,454,Writer
101,275,Penciler
102,385,Writer
102,137,Penciler
103,394,Writer
103,329,Penciler
104,175,Writer
104,58,Penciler
105,151,Writer
105,223,Penciler
106,81,Writer
106,233,Penciler
107,2,Writer
107,489,Penciler
108,370,Writer
108,449,Penciler
109,369,Writer
109,135,Penciler
110,498,Writer
110,257,Penciler
111,391,Writer
111,92,Penciler
112,260,Writer
112,468,Penciler
113,55,Writer
113,446,Penciler
114,321,Writer
114,153,Penciler
115,431,Writer
115,328,Penciler
116,260,Writer
116,312,Penciler
117,102,Writer
117,79,Penciler
118,192,Writer
118,391,Penciler
119,83,Writer
119,277,Penciler
120,489,Writer
120,399,Penciler
121,473,Writer
121,272,Penciler
122,471,Writer
122,1,Penciler
123,307,Writer
123,166,Penciler
124,251,Writer
124,10,Penciler
125,58,Writer
125,476,Penciler
126,186,Writer
126,450,Penciler
127,426,Writer
127,414,Penciler
128,158,Writer
128,123,Penciler
129,30,Writer
129,124,Penciler
130,450,Writer
130,291,Penciler
131,485,Writer
131,41,Penciler
132,44,Writer
132,375,Penciler
133,249,Writer
133,418,Penciler
134,36,Writer
134,390,Penciler
135,273,Writer
135,393,Penciler
136,65,Writer
136,66,Penciler
137,338,Writer
137,244,Penciler
138,485,Writer
138,282,Penciler
139,85,Writer
139,136,Penciler
140,271,Writer
140,447,Penciler
141,311,Writer
141,217,Penciler
142,494,Writer
142,109,Penciler
143,476,Writer
143,277,Penciler
144,387,Writer
144,374,Penciler
145,354,Writer
145,103,Penciler
146,366,Writer
146,160,Penciler
147,205,Writer
147,344,Penciler
148,333,Writer
148,192,Penciler
149,225,Writer
149,461,Penciler
150,265,Writer
150,232,Penciler
151,62,Writer
151,127,Penciler
152,116,Writer
152,33,Penciler
153,174,Writer
153,11,Penciler
154,302,Writer
154,284,Penciler
155,118,Writer
155,302,Penciler
156,113,Writer
156,4,Penciler
157,37,Writer
157,363,Penciler
158,324,Writer
158,31,Penciler
159,118,Writer
159,35,Penciler
160,464,Writer
160,17,Penciler
161,441,Writer
161,170,Penciler
162,37,Writer
162,264,Penciler
163,122,Writer
163,143,Penciler
164,343,Writer
164,249,Penciler
165,110,Writer
165,277,Penciler
166,68,Writer
166,371,Penciler
167,479,Writer
167,452,Penciler
168,293,Writer
168,296,Penciler
169,243,Writer
169,125,Penciler
170,402,Writer
170,243,Penciler
171,414,Writer
171,209,Penciler
172,98,Writer
172,49,Penciler
173,50,Writer
173,338,Penciler
174,221,Writer
174,182,Penciler
175,217,Writer
175,211,Penciler
176,240,Writer
176,443,Penciler
177,374,Writer
177,28,Penciler
178,345,Writer
178,335,Penciler
179,331,Writer
179,51,Penciler
180,32,Writer
180,207,Penciler
181,373,Writer
181,174,Penciler
182,410,Writer
182,442,Penciler
183,56,Writer
183,128,Penciler
184,99,Writer
184,98,Penciler
185,275,Writer
185,230,Penciler
186,72,Writer
186,217,Penciler
187,94,Writer
187,143,Penciler
188,237,Writer
188,128,Penciler
189,448,Writer
189,473,Penciler
190,39,Writer
190,227,Penciler
191,414,Writer
191,442,Penciler
192,439,Writer
192,282,Penciler
193,51,Writer
193,26,Penciler
194,334,Writer
194,277,Penciler
195,429,Writer
195,8,Penciler
196,497,Writer
196,48,Penciler
197,475,Writer
197,386,Penciler
198,435,Writer
198,122,Penciler
199,86,Writer
199,209,Penciler
200,249,Writer
200,247,Penciler
201,110,Writer
201,443,Penciler
202,206,Writer
202,463,Penciler
203,31,Writer
203,85,Penciler
204,195,Writer
204,2,Penciler
205,200,Writer
205,136,Penciler
206,475,Writer
206,402,Penciler
207,402,Writer
207,233,Penciler
208,147,Writer
208,217,Penciler
209,357,Writer
209,491,Penciler
210,375,Writer
210,402,Penciler
211,285,Writer
211,339,Penciler
212,368,Writer
212,250,Penciler
213,80,Writer
213,98,Penciler
214,152,Writer
214,112,Penciler
215,496,Writer
215,30,Penciler
216,297,Writer
216,377,Penciler
217,278,Writer
217,32,Penciler
218,383,Writer
218,161,Penciler
219,30,Writer
219,26,Penciler
220,300,Writer
220,245,Penciler
221,258,Writer
221,471,Penciler
222,437,Writer
222,272,Penciler
223,81,Writer
223,30,Penciler
224,492,Writer
224,261,Penciler
225,42,Writer
225,436,Penciler
226,96,Writer
226,36,Penciler
227,305,Writer
227,35,Penciler
228,346,Writer
228,442,Penciler
229,121,Writer
229,207,Penciler
230,62,Writer
230,483,Penciler
231,456,Writer
231,292,Penciler
232,127,Writer
232,297,Penciler
233,305,Writer
233,21,Penciler
234,318,Writer
234,42,Penciler
235,215,Writer
235,337,Penciler
236,299,Writer
236,290,Penciler
237,268,Writer
237,162,Penciler
238,479,Writer
238,134,Penciler
239,105,Writer
239,343,Penciler
240,367,Writer
240,161,Penciler
241,123,Writer
241,136,Penciler
242,203,Writer
242,68,Penciler
243,344,Writer
243,331,Penciler
244,154,Writer
244,235,Penciler
245,162,Writer
245,476,Penciler
246,385,Writer
246,480,Penciler
247,38,Writer
247,5,Penciler
248,235,Writer
248,319,Penciler
249,289,Writer
249,52,Penciler
250,38,Writer
250,276,Penciler
251,110,Writer
251,260,Penciler
252,136,Writer
252,68,Penciler
253,478,Writer
253,179,Penciler
254,452,Writer
254,36,Penciler
255,451,Writer
255,126,Penciler
256,190,Writer
256,146,Penciler
257,81,Writer
257,225,Penciler
258,427,Writer
258,279,Penciler
259,361,Writer
259,155,Penciler
260,314,Writer
260,414,Penciler
261,335,Writer
261,271,Penciler
262,5,Writer
262,342,Penciler
263,419,Writer
263,284,Penciler
264,154,Writer
264,478,Penciler
265,340,Writer
265,54,Penciler
266,481,Writer
266,450,Penciler
267,69,Writer
267,136,Penciler
268,60,Writer
268,456,Penciler
269,55,Writer
269,381,Penciler
270,284,Writer
270,80,Penciler
271,140,Writer
271,145,Penciler
272,310,Writer
272,108,Penciler
273,368,Writer
273,176,Penciler
274,105,Writer
274,352,Penciler
275,325,Writer
275,437,Penciler
276,136,Writer
276,259,Penciler
277,251,Writer
277,129,Penciler
278,464,Writer
278,465,Penciler
279,434,Writer
279,27,Penciler
280,48,Writer
280,325,Penciler
281,217,Writer
281,425,Penciler
282,142,Writer
282,23,Penciler
283,2,Writer
283,171,Penciler
284,395,Writer
284,67,Penciler
285,327,Writer
285,135,Penciler
286,83,Writer
286,380,Penciler
287,227,Writer
287,283,Penciler
288,362,Writer
288,219,Penciler
289,288,Writer
289,5,Penciler
290,58,Writer
290,39,Penciler
291,484,Writer
291,453,Penciler
292,354,Writer
292,463,Penciler
293,77,Writer
293,280,Penciler
294,19,Writer
294,428,Penciler
295,190,Writer
295,299,Penciler
296,283,Writer
296,76,Penciler
297,221,Writer
297,66,Penciler
298,22,Writer
298,158,Penciler
299,187,Writer
299,461,Penciler
300,478,Writer
300,408,Penciler
301,498,Writer
301,441,Penciler
302,21,Writer
302,461,Penciler
303,184,Writer
303,108,Penciler
304,350,Writer
304,128,Penciler
305,342,Writer
305,53,Penciler
306,182,Writer
306,400,Penciler
307,287,Writer
307,453,Penciler
308,448,Writer
308,209,Penciler
309,499,Writer
309,318,Penciler
310,384,Writer
310,80,Penciler
311,474,Writer
311,477,Penciler
312,122,Writer
312,443,Penciler
313,84,Writer
313,500,Penciler
314,410,Writer
314,416,Penciler
315,91,Writer
315,452,Penciler
316,212,Writer
316,13,Penciler
317,92,Writer
317,378,Penciler
318,474,Writer
318,171,Penciler
319,401,Writer
319,477,Penciler
320,211,Writer
320,411,Penciler
321,343,Writer
321,443,Penciler
322,377,Writer
322,416,Penciler
323,128,Writer
323,137,Penciler
324,82,Writer
324,404,Penciler
325,360,Writer
325,56,Penciler
326,196,Writer
326,447,Penciler
327,20,Writer
327,440,Penciler
328,241,Writer
328,114,Penciler
329,103,Writer
329,419,Penciler
330,471,Writer
330,236,Penciler
331,180,Writer
331,157,Penciler
332,421,Writer
332,408,Penciler
333,447,Writer
333,117,Penciler
334,115,Writer
334,13,Penciler
335,338,Writer
335,99,Penciler
336,205,Writer
336,169,Penciler
337,143,Writer
337,443,Penciler
338,36,Writer
338,496,Penciler
339,396,Writer
339,143,Penciler
340,180,Writer
340,329,Penciler
341,261,Writer
341,205,Penciler
342,348,Writer
342,432,Penciler
343,275,Writer
343,170,Penciler
344,481,Writer
344,15,Penciler
345,60,Writer
345,450,Penciler
346,497,Writer
346,134,Penciler
347,92,Writer
347,298,Penciler
348,493,Writer
348,136,Penciler
349,20,Writer
349,56,Penciler
350,306,Writer
350,223,Penciler
351,177,Writer
351,374,Penciler
352,403,Writer
352,161,Penciler
353,224,Writer
353,311,Penciler
354,262,Writer
354,60,Penciler
355,198,Writer
355,461,Penciler
356,296,Writer
356,98,Penciler
357,131,Writer
357,23,Penciler
358,363,Writer
358,224,Penciler
359,1,Writer
359,267,Penciler
360,474,Writer
360,413,Penciler
361,276,Writer
361,352,Penciler
362,369,Writer
362,482,Penciler
363,380,Writer
363,378,Penciler
364,344,Writer
364,101,Penciler
365,187,Writer
365,221,Penciler
366,36,Writer
366,486,Penciler
367,341,Writer
367,472,Penciler
368,170,Writer
368,320,Penciler
369,161,Writer
369,340,Penciler
370,435,Writer
370,64,Penciler
371,369,Writer
371,461,Penciler
372,154,Writer
372,260,Penciler
373,159,Writer
373,342,Penciler
374,210,Writer
374,168,Penciler
375,207,Writer
375,357,Penciler
376,152,Writer
376,284,Penciler
377,66,Writer
377,99,Penciler
378,216,Writer
378,341,Penciler
379,482,Writer
379,195,Penciler
380,347,Writer
380,384,Penciler
381,463,Writer
381,90,Penciler
382,316,Writer
382,292,Penciler
383,155,Writer
383,208,Penciler
384,281,Writer
384,427,Penciler
385,1,Writer
385,156,Penciler
386,147,Writer
386,108,Penciler
387,221,Writer
387,403,Penciler
388,297,Writer
388,311,Penciler
389,336,Writer
389,165,Penciler
390,239,Writer
390,227,Penciler
391,227,Writer
391,346,Penciler
392,110,Writer
392,262,Penciler
393,243,Writer
393,407,Penciler
394,462,Writer
394,492,Penciler
395,408,Writer
395,377,Penciler
396,87,Writer
396,338,Penciler
397,44,Writer
397,146,Penciler
398,264,Writer
398,340,Penciler
399,325,Writer
399,318,Penciler
400,172,Writer
400,48,Penciler
401,420,Writer
401,488,Penciler
402,385,Writer
402,121,Penciler
403,345,Writer
403,159,Penciler
404,116,Writer
404,413,Penciler
405,102,Writer
405,76,Penciler
406,13,Writer
406,24,Penciler
407,126,Writer
407,244,Penciler
408,313,Writer
408,436,Penciler
409,394,Writer
409,38,Penciler
410,234,Writer
410,213,Penciler
411,454,Writer
411,323,Penciler
412,295,Writer
412,100,Penciler
413,368,Writer
413,357,Penciler
414,197,Writer
414,254,Penciler
415,205,Writer
415,125,Penciler
416,76,Writer
416,336,Penciler
417,353,Writer
417,3,Penciler
418,458,Writer
418,385,Penciler
419,441,Writer
419,395,Penciler
420,454,Writer
420,55,Penciler
421,399,Writer
421,218,Penciler
422,113,Writer
422,91,Penciler
423,412,Writer
423,491,Penciler
424,357,Writer
424,266,Penciler
425,238,Writer
425,26,Penciler
426,286,Writer
426,128,Penciler
427,470,Writer
427,435,Penciler
428,63,Writer
428,234,Penciler
429,69,Writer
429,411,Penciler
430,238,Writer
430,342,Penciler
431,272,Writer
431,287,Penciler
432,305,Writer
432,163,Penciler
433,487,Writer
433,387,Penciler
434,457,Writer
434,227,Penciler
435,314,Writer
435,418,Penciler
436,369,Writer
436,457,Penciler
437,259,Writer
437,219,Penciler
438,426,Writer
438,465,Penciler
439,281,Writer
439,229,Penciler
440,460,Writer
440,82,Penciler
441,381,Writer
441,442,Penciler
442,244,Writer
442,231,Penciler
443,133,Writer
443,385,Penciler
444,127,Writer
444,431,Penciler
445,327,Writer
445,142,Penciler
446,393,Writer
446,399,Penciler
447,267,Writer
447,249,Penciler
448,321,Writer
448,123,Penciler
449,141,Writer
449,226,Penciler
450,40,Writer
450,366,Penciler
451,147,Writer
451,121,Penciler
452,140,Writer
452,172,Penciler
453,164,Writer
453,458,Penciler
454,277,Writer
454,42,Penciler
455,71,Writer
455,78,Penciler
456,119,Writer
456,197,Penciler
457,356,Writer
457,79,Penciler
458,362,Writer
458,110,Penciler
459,33,Writer
459,213,Penciler
460,209,Writer
460,170,Penciler
461,278,Writer
461,239,Penciler
462,213,Writer
462,32,Penciler
463,106,Writer
463,427,Penciler
464,216,Writer
464,200,Penciler
465,464,Writer
465,395,Penciler
466,300,Writer
466,485,Penciler
467,357,Writer
467,11,Penciler
468,439,Writer
468,451,Penciler
469,392,Writer
469,295,Penciler
470,195,Writer
470,245,Penciler
471,4,Writer
471,483,Penciler
472,181,Writer
472,153,Penciler
473,386,Writer
473,200,Penciler
474,437,Writer
474,457,Penciler
475,489,Writer
475,428,Penciler
476,215,Writer
476,276,Penciler
477,383,Writer
477,377,Penciler
478,280,Writer
478,410,Penciler
479,309,Writer
479,460,Penciler
480,113,Writer
480,250,Penciler
481,113,Writer
481,140,Penciler
482,224,Writer
482,249,Penciler
483,15,Writer
483,200,Penciler
484,173,Writer
484,343,Penciler
485,348,Writer
485,409,Penciler
486,208,Writer
486,371,Penciler
487,85,Writer
487,431,Penciler
488,240,Writer
488,471,Penciler
489,66,Writer
489,319,Penciler
490,274,Writer
490,14,Penciler
491,465,Writer
491,202,Penciler
492,304,Writer
492,289,Penciler
493,340,Writer
493,14,Penciler
494,43,Writer
494,330,Penciler
495,220,Writer
495,70,Penciler
496,444,Writer
496,237,Penciler
497,94,Writer
497,26,Penciler
498,134,Writer
498,195,Penciler
499,168,Writer
499,109,Penciler
500,233,Writer
500,168,Penciler
501,173,Writer
501,390,Penciler
502,451,Writer
502,195,Penciler
503,143,Writer
503,386,Penciler
504,488,Writer
504,426,Penciler
505,216,Writer
505,130,Penciler
506,428,Writer
506,42,Penciler
507,241,Writer
507,10,Penciler
508,384,Writer
508,277,Penciler
509,27,Writer
509,488,Penciler
510,180,Writer
510,115,Penciler
511,333,Writer
511,36,Penciler
512,400,Writer
512,491,Penciler
513,334,Writer
513,21,Penciler
514,387,Writer
514,16,Penciler
515,487,Writer
515,127,Penciler
516,103,Writer
516,430,Penciler
517,11,Writer
517,319,Penciler
518,79,Writer
518,123,Penciler
519,65,Writer
519,243,Penciler
520,343,Writer
520,59,Penciler
521,289,Writer
521,486,Penciler
522,112,Writer
522,239,Penciler
523,359,Writer
523,132,Penciler
524,393,Writer
524,189,Penciler
525,86,Writer
525,311,Penciler
526,311,Writer
526,494,Penciler
527,383,Writer
527,368,Penciler
528,59,Writer
528,399,Penciler
529,420,Writer
529,84,Penciler
530,494,Writer
530,160,Penciler
531,56,Writer
531,297,Penciler
532,14,Writer
532,476,Penciler
533,160,Writer
533,295,Penciler
534,347,Writer
534,465,Penciler
535,491,Writer
535,193,Penciler
536,204,Writer
536,483,Penciler
537,367,Writer
537,102,Penciler
538,39,Writer
538,304,Penciler
539,354,Writer
539,426,Penciler
540,322,Writer
540,125,Penciler
541,53,Writer
541,357,Penciler
542,396,Writer
542,155,Penciler
543,436,Writer
543,351,Penciler
544,308,Writer
544,413,Penciler
545,62,Writer
545,408,Penciler
546,290,Writer
546,401,Penciler
547,22,Writer
547,178,Penciler
548,273,Writer
548,220,Penciler
549,339,Writer
549,190,Penciler
550,36,Writer
550,260,Penciler
551,332,Writer
551,175,Penciler
552,7,Writer
552,435,Penciler
553,216,Writer
553,422,Penciler
554,251,Writer
554,55,Penciler
555,222,Writer
555,492,Penciler
556,186,Writer
556,326,Penciler
557,457,Writer
557,425,Penciler
558,236,Writer
558,363,Penciler
559,79,Writer
559,223,Penciler
560,91,Writer
560,376,Penciler
561,268,Writer
561,495,Penciler
562,334,Writer
562,139,Penciler
563,316,Writer
563,414,Penciler
564,471,Writer
564,276,Penciler
565,397,Writer
565,248,Penciler
566,239,Writer
566,224,Penciler
567,423,Writer
567,375,Penciler
568,304,Writer
568,138,Penciler
569,166,Writer
569,437,Penciler
570,126,Writer
570,426,Penciler
571,479,Writer
571,45,Penciler
572,143,Writer
572,452,Penciler
573,231,Writer
573,125,Penciler
574,385,Writer
574,238,Penciler
575,292,Writer
575,313,Penciler
576,343,Writer
576,195,Penciler
577,173,Writer
577,15,Penciler
578,254,Writer
578,436,Penciler
579,167,Writer
579,94,Penciler
580,250,Writer
580,109,Penciler
581,182,Writer
581,409,Penciler
582,133,Writer
582,175,Penciler
583,144,Writer
583,451,Penciler
584,306,Writer
584,360,Penciler
585,451,Writer
585,142,Penciler
586,285,Writer
586,6,Penciler
587,265,Writer
587,486,Penciler
588,98,Writer
588,44,Penciler
589,124,Writer
589,369,Penciler
590,209,Writer
590,251,Penciler
591,285,Writer
591,389,Penciler
592,124,Writer
592,354,Penciler
593,244,Writer
593,331,Penciler
594,365,Writer
594,252,Penciler
595,230,Writer
595,406,Penciler
596,9,Writer
596,48,Penciler
597,151,Writer
597,114,Penciler
598,208,Writer
598,355,Penciler
599,125,Writer
599,157,Penciler
600,340,Writer
600,298,Penciler
601,189,Writer
601,243,Penciler
602,284,Writer
602,272,Penciler
603,177,Writer
603,218,Penciler
604,382,Writer
604,282,Penciler
605,170,Writer
605,181,Penciler
606,360,Writer
606,233,Penciler
607,139,Writer
607,157,Penciler
608,129,Writer
608,119,Penciler
609,62,Writer
609,370,Penciler
610,99,Writer
610,162,Penciler
611,62,Writer
611,381,Penciler
612,275,Writer
612,487,Penciler
613,391,Writer
613,354,Penciler
614,95,Writer
614,99,Penciler
615,111,Writer
615,379,Penciler
616,248,Writer
616,142,Penciler
617,371,Writer
617,302,Penciler
618,390,Writer
618,269,Penciler
619,306,Writer
619,145,Penciler
620,52,Writer
620,427,Penciler
621,100,Writer
621,152,Penciler
622,117,Writer
622,185,Penciler
623,92,Writer
623,155,Penciler
624,8,Writer
624,363,Penciler
625,274,Writer
625,65,Penciler
626,141,Writer
626,24,Penciler
627,499,Writer
627,28,Penciler
628,284,Writer
628,150,Penciler
629,358,Writer
629,484,Penciler
630,65,Writer
630,327,Penciler
631,445,Writer
631,386,Penciler
632,252,Writer
632,53,Penciler
633,447,Writer
633,7,Penciler
634,294,Writer
634,146,Penciler
635,241,Writer
635,246,Penciler
636,226,Writer
636,175,Penciler
637,95,Writer
637,495,Penciler
638,27,Writer
638,130,Penciler
639,482,Writer
639,442,Penciler
640,245,Writer
640,59,Penciler
641,421,Writer
641,34,Penciler
642,206,Writer
642,252,Penciler
643,38,Writer
643,296,Penciler
644,323,Writer
644,352,Penciler
645,28,Writer
645,78,Penciler
646,77,Writer
646,416,Penciler
647,289,Writer
647,486,Penciler
648,156,Writer
648,44,Penciler
649,128,Writer
649,61,Penciler
650,286,Writer
650,392,Penciler
651,214,Writer
651,311,Penciler
652,306,Writer
652,405,Penciler
653,317,Writer
653,116,Penciler
654,398,Writer
654,268,Penciler
655,195,Writer
655,231,Penciler
656,466,Writer
656,227,Penciler
657,153,Writer
657,441,Penciler
658,302,Writer
658,220,Penciler
659,157,Writer
659,292,Penciler
660,318,Writer
660,31,Penciler
661,313,Writer
661,492,Penciler
662,379,Writer
662,51,Penciler
663,486,Writer
663,391,Penciler
664,107,Writer
664,321,Penciler
665,109,Writer
665,136,Penciler
666,339,Writer
666,42,Penciler
667,81,Writer
667,123,Penciler
668,89,Writer
668,283,Penciler
669,39,Writer
669,81,Penciler
670,2,Writer
670,210,Penciler
671,231,Writer
671,353,Penciler
672,305,Writer
672,241,Penciler
673,150,Writer
673,17,Penciler
674,119,Writer
674,148,Penciler
675,362,Writer
675,145,Penciler
676,360,Writer
676,441,Penciler
677,233,Writer
677,37,Penciler
678,352,Writer
678,120,Penciler
679,474,Writer
679,136,Penciler
680,404,Writer
680,406,Penciler
681,321,Writer
681,302,Penciler
682,339,Writer
682,412,Penciler
683,479,Writer
683,102,Penciler
684,218,Writer
684,59,Penciler
685,279,Writer
685,116,Penciler
686,332,Writer
686,77,Penciler
687,466,Writer
687,137,Penciler
688,424,Writer
688,73,Penciler
689,37,Writer
689,31,Penciler
690,85,Writer
690,406,Penciler
691,158,Writer
691,305,Penciler
692,384,Writer
692,423,Penciler
693,292,Writer
693,472,Penciler
694,148,Writer
694,225,Penciler
695,64,Writer
695,240,Penciler
696,353,Writer
696,156,Penciler
697,359,Writer
697,207,Penciler
698,483,Writer
698,140,Penciler
699,257,Writer
699,277,Penciler
700,253,Writer
700,225,Penciler
701,42,Writer
701,307,Penciler
702,21,Writer
702,456,Penciler
703,222,Writer
703,377,Penciler
704,166,Writer
704,310,Penciler
705,129,Writer
705,14,Penciler
706,47,Writer
706,118,Penciler
707,493,Writer
707,346,Penciler
708,429,Writer
708,441,Penciler
709,295,Writer
709,301,Penciler
710,487,Writer
710,11,Penciler
711,392,Writer
711,345,Penciler
712,421,Writer
712,138,Penciler
713,296,Writer
713,21,Penciler
714,391,Writer
714,388,Penciler
715,90,Writer
715,241,Penciler
716,266,Writer
716,334,Penciler
717,227,Writer
717,470,Penciler
718,143,Writer
718,93,Penciler
719,300,Writer
719,224,Penciler
720,326,Writer
720,417,Penciler
721,252,Writer
721,497,Penciler
722,47,Writer
722,241,Penciler
723,179,Writer
723,210,Penciler
724,171,Writer
724,165,Penciler
725,344,Writer
725,54,Penciler
726,440,Writer
726,83,Penciler
727,169,Writer
727,211,Penciler
728,356,Writer
728,254,Penciler
729,148,Writer
729,340,Penciler
730,484,Writer
730,206,Penciler
731,417,Writer
731,390,Penciler
732,282,Writer
732,19,Penciler
733,233,Writer
733,46,Penciler
734,162,Writer
734,130,Penciler
735,166,Writer
735,60,Penciler
736,497,Writer
736,396,Penciler
737,207,Writer
737,443,Penciler
738,264,Writer
738,423,Penciler
739,1,Writer
739,337,Penciler
740,446,Writer
740,278,Penciler
741,237,Writer
741,212,Penciler
742,28,Writer
742,97,Penciler
743,266,Writer
743,186,Penciler
744,319,Writer
744,388,Penciler
745,256,Writer
745,321,Penciler
746,227,Writer
746,390,Penciler
747,27,Writer
747,105,Penciler
748,137,Writer
748,282,Penciler
749,68,Writer
749,475,Penciler
750,148,Writer
750,225,Penciler
751,451,Writer
751,358,Penciler
752,249,Writer
752,63,Penciler
753,15,Writer
753,499,Penciler
754,323,Writer
754,312,Penciler
755,410,Writer
755,123,Penciler
756,364,Writer
756,82,Penciler
757,160,Writer
757,283,Penciler
758,8,Writer
758,283,Penciler
759,209,Writer
759,48,Penciler
760,116,Writer
760,431,Penciler
761,468,Writer
761,59,Penciler
762,237,Writer
762,485,Penciler
763,61,Writer
763,332,Penciler
764,427,Writer
764,79,Penciler
765,256,Writer
765,478,Penciler
766,367,Writer
766,150,Penciler
767,261,Writer
767,362,Penciler
768,140,Writer
768,213,Penciler
769,428,Writer
769,248,Penciler
770,242,Writer
770,125,Penciler
771,234,Writer
771,283,Penciler
772,75,Writer
772,197,Penciler
773,98,Writer
773,472,Penciler
774,307,Writer
774,261,Penciler
775,383,Writer
775,451,Penciler
776,70,Writer
776,443,Penciler
777,36,Writer
777,142,Penciler
778,396,Writer
778,405,Penciler
779,438,Writer
779,213,Penciler
780,175,Writer
780,479,Penciler
781,404,Writer
781,260,Penciler
782,137,Writer
782,421,Penciler
783,2,Writer
783,145,Penciler
784,372,Writer
784,153,Penciler
785,429,Writer
785,301,Penciler
786,297,Writer
786,338,Penciler
787,251,Writer
787,444,Penciler
788,77,Writer
788,229,Penciler
789,276,Writer
789,248,Penciler
790,177,Writer
790,171,Penciler
791,283,Writer
791,391,Penciler
792,279,Writer
792,194,Penciler
793,234,Writer
793,478,Penciler
794,165,Writer
794,446,Penciler
795,97,Writer
795,358,Penciler
796,123,Writer
796,293,Penciler
797,197,Writer
797,120,Penciler
798,439,Writer
798,398,Penciler
799,211,Writer
799,23,Penciler
800,163,Writer
800,382,Penciler
801,243,Writer
801,362,Penciler
802,468,Writer
802,416,Penciler
803,196,Writer
803,198,Penciler
804,340,Writer
804,406,Penciler
805,421,Writer
805,334,Penciler
806,78,Writer
806,254,Penciler
807,494,Writer
807,19,Penciler
808,65,Writer
808,258,Penciler
809,495,Writer
809,303,Penciler
810,170,Writer
810,446,Penciler
811,52,Writer
811,448,Penciler
812,433,Writer
812,226,Penciler
813,52,Writer
813,270,Penciler
814,467,Writer
814,234,Penciler
815,8,Writer
815,370,Penciler
816,74,Writer
816,210,Penciler
817,446,Writer
817,336,Penciler
818,497,Writer
818,80,Penciler
819,39,Writer
819,241,Penciler
820,401,Writer
820,497,Penciler
821,136,Writer
821,174,Penciler
822,320,Writer
822,355,Penciler
823,204,Writer
823,333,Penciler
824,42,Writer
824,437,Penciler
825,169,Writer
825,437,Penciler
826,346,Writer
826,440,Penciler
827,274,Writer
827,195,Penciler
828,489,Writer
828,163,Penciler
829,321,Writer
829,368,Penciler
830,455,Writer
830,389,Penciler
831,250,Writer
831,447,Penciler
832,278,Writer
832,19,Penciler
833,317,Writer
833,36,Penciler
834,121,Writer
834,324,Penciler
835,351,Writer
835,472,Penciler
836,148,Writer
836,117,Penciler
837,383,Writer
837,47,Penciler
838,223,Writer
838,51,Penciler
839,390,Writer
839,325,Penciler
840,361,Writer
840,447,Penciler
841,52,Writer
841,228,Penciler
842,86,Writer
842,356,Penciler
843,154,Writer
843,463,Penciler
844,15,Writer
844,24,Penciler
845,167,Writer
845,408,Penciler
846,29,Writer
846,151,Penciler
847,184,Writer
847,192,Penciler
848,221,Writer
848,75,Penciler
849,126,Writer
849,272,Penciler
850,211,Writer
850,290,Penciler
851,350,Writer
851,406,Penciler
852,93,Writer
852,88,Penciler
853,90,Writer
853,41,Penciler
854,313,Writer
854,446,Penciler
855,196,Writer
855,318,Penciler
856,350,Writer
856,124,Penciler
857,255,Writer
857,468,Penciler
858,299,Writer
858,74,Penciler
859,119,Writer
859,237,Penciler
860,327,Writer
860,131,Penciler
861,236,Writer
861,131,Penciler
862,342,Writer
862,5,Penciler
863,461,Writer
863,412,Penciler
864,239,Writer
864,462,Penciler
865,148,Writer
865,347,Penciler
866,280,Writer
866,81,Penciler
867,38,Writer
867,227,Penciler
868,484,Writer
868,177,Penciler
869,301,Writer
869,154,Penciler
870,328,Writer
870,493,Penciler
871,218,Writer
871,354,Penciler
872,129,Writer
872,234,Penciler
873,433,Writer
873,155,Penciler
874,102,Writer
874,197,Penciler
875,437,Writer
875,248,Penciler
876,55,Writer
876,122,Penciler
877,196,Writer
877,293,Penciler
878,184,Writer
878,295,Penciler
879,152,Writer
879,359,Penciler
880,152,Writer
880,12,Penciler
881,425,Writer
881,338,Penciler
882,203,Writer
882,141,Penciler
883,5,Writer
883,290,Penciler
884,443,Writer
884,352,Penciler
885,399,Writer
885,382,Penciler
886,499,Writer
886,26,Penciler
887,467,Writer
887,311,Penciler
888,382,Writer
888,255,Penciler
889,427,Writer
889,463,Penciler
890,463,Writer
890,147,Penciler
891,398,Writer
891,410,Penciler
892,118,Writer
892,311,Penciler
893,411,Writer
893,181,Penciler
894,113,Writer
894,326,Penciler
895,98,Writer
895,318,Penciler
896,129,Writer
896,348,Penciler
897,387,Writer
897,370,Penciler
898,393,Writer
898,338,Penciler
899,349,Writer
899,430,Penciler
900,71,Writer
900,322,Penciler
901,50,Writer
901,463,Penciler
902,322,Writer
902,331,Penciler
903,21,Writer
903,159,Penciler
904,404,Writer
904,226,Penciler
905,18,Writer
905,297,Penciler
906,187,Writer
906,375,Penciler
907,68,Writer
907,47,Penciler
908,466,Writer
908,152,Penciler
909,168,Writer
909,383,Penciler
910,213,Writer
910,90,Penciler
911,103,Writer
911,68,Penciler
912,403,Writer
912,277,Penciler
913,449,Writer
913,498,Penciler
914,188,Writer
914,272,Penciler
915,257,Writer
915,468,Penciler
916,140,Writer
916,426,Penciler
917,85,Writer
917,132,Penciler
918,468,Writer
918,423,Penciler
919,484,Writer
919,247,Penciler
920,496,Writer
920,413,Penciler
921,152,Writer
921,383,Penciler
922,446,Writer
922,174,Penciler
923,412,Writer
923,59,Penciler
924,240,Writer
924,494,Penciler
925,39,Writer
925,73,Penciler
926,387,Writer
926,495,Penciler
927,116,Writer
927,441,Penciler
928,347,Writer
928,371,Penciler
929,346,Writer
929,204,Penciler
930,496,Writer
930,434,Penciler
931,412,Writer
931,286,Penciler
932,188,Writer
932,47,Penciler
933,405,Writer
933,203,Penciler
934,8,Writer
934,136,Penciler
935,275,Writer
935,64,Penciler
936,233,Writer
936,189,Penciler
937,345,Writer
937,384,Penciler
938,345,Writer
938,135,Penciler
939,300,Writer
939,196,Penciler
940,422,Writer
940,327,Penciler
941,482,Writer
941,191,Penciler
942,56,Writer
942,346,Penciler
943,120,Writer
943,242,Penciler
944,13,Writer
944,318,Penciler
945,453,Writer
945,483,Penciler
946,288,Writer
946,168,Penciler
947,469,Writer
947,313,Penciler
948,114,Writer
948,332,Penciler
949,33,Writer
949,326,Penciler
950,422,Writer
950,238,Penciler
951,466,Writer
951,359,Penciler
952,155,Writer
952,333,Penciler
953,210,Writer
953,60,Penciler
954,72,Writer
954,24,Penciler
955,485,Writer
955,20,Penciler
956,156,Writer
956,253,Penciler
957,60,Writer
957,50,Penciler
958,121,Writer
958,455,Penciler
959,276,Writer
959,70,Penciler
960,199,Writer
960,233,Penciler
961,190,Writer
961,344,Penciler
962,487,Writer
962,381,Penciler
963,357,Writer
963,485,Penciler
964,277,Writer
964,215,Penciler
965,301,Writer
965,381,Penciler
966,373,Writer
966,80,Penciler
967,454,Writer
967,213,Penciler
968,336,Writer
968,51,Penciler
969,427,Writer
969,251,Penciler
970,316,Writer
970,209,Penciler
971,481,Writer
971,488,Penciler
972,144,Writer
972,17,Penciler
973,354,Writer
973,190,Penciler
974,112,Writer
974,228,Penciler
975,228,Writer
975,487,Penciler
976,121,Writer
976,438,Penciler
977,186,Writer
977,51,Penciler
978,352,Writer
978,189,Penciler
979,279,Writer
979,462,Penciler
980,331,Writer
980,184,Penciler
981,32,Writer
981,204,Penciler
982,142,Writer
982,98,Penciler
983,496,Writer
983,63,Penciler
984,486,Writer
984,435,Penciler
985,422,Writer
985,233,Penciler
986,47,Writer
986,340,Penciler
987,109,Writer
987,329,Penciler
988,328,Writer
988,306,Penciler
989,498,Writer
989,11,Penciler
990,26,Writer
990,403,Penciler
991,171,Writer
991,125,Penciler
992,65,Writer
992,403,Penciler
993,290,Writer
993,106,Penciler
994,36,Writer
994,425,Penciler
995,392,Writer
995,284,Penciler
996,107,Writer
996,301,Penciler
997,111,Writer
997,417,Penciler
998,446,Writer
998,120,Penciler
999,169,Writer
999,397,Penciler
1000,76,Writer
1000,404,Penciler
1001,462,Writer
1001,306,Penciler
1002,2,Writer
1002,142,Penciler
1003,440,Writer
1003,75,Penciler
1004,67,Writer
1004,277,Penciler
1005,129,Writer
1005,409,Penciler
1006,90,Writer
1006,57,Penciler
1007,339,Writer
1007,444,Penciler
1008,14,Writer
1008,68,Penciler
1009,8,Writer
1009,184,Penciler
1010,405,Writer
1010,404,Penciler
1011,122,Writer
1011,302,Penciler
1012,166,Writer
1012,9,Penciler
1013,90,Writer
1013,136,Penciler
1014,27,Writer
1014,65,Penciler
1015,380,Writer
1015,216,Penciler
1016,270,Writer
1016,59,Penciler
1017,382,Writer
1017,33,Penciler
1018,244,Writer
1018,230,Penciler
1019,399,Writer
1019,186,Penciler
1020,263,Writer
1020,304,Penciler
1021,56,Writer
1021,232,Penciler
1022,258,Writer
1022,114,Penciler
1023,485,Writer
1023,315,Penciler
1024,23,Writer
1024,373,Penciler
1025,402,Writer
1025,466,Penciler
1026,444,Writer
1026,338,Penciler
1027,267,Writer
1027,155,Penciler
1028,235,Writer
1028,330,Penciler
1029,494,Writer
1029,16,Penciler
1030,32,Writer
1030,246,Penciler
1031,434,Writer
1031,206,Penciler
1032,219,Writer
1032,352,Penciler
1033,56,Writer
1033,252,Penciler
1034,365,Writer
1034,466,Penciler
1035,228,Writer
1035,38,Penciler
1036,461,Writer
1036,42,Penciler
1037,165,Writer
1037,312,Penciler
1038,76,Writer
1038,34,Penciler
1039,65,Writer
1039,141,Penciler
1040,320,Writer
1040,325,Penciler
1041,300,Writer
1041,281,Penciler
1042,365,Writer
1042,167,Penciler
1043,196,Writer
1043,306,Penciler
1044,272,Writer
1044,151,Penciler
1045,233,Writer
1045,259,Penciler
1046,310,Writer
1046,221,Penciler
1047,51,Writer
1047,407,Penciler
1048,360,Writer
1048,59,Penciler
1049,437,Writer
1049,336,Penciler
1050,334,Writer
1050,450,Penciler
1051,394,Writer
1051,283,Penciler
1052,370,Writer
1052,444,Penciler
1053,111,Writer
1053,221,Penciler
1054,232,Writer
1054,455,Penciler
1055,117,Writer
1055,212,Penciler
1056,174,Writer
1056,424,Penciler
1057,233,Writer
1057,205,Penciler
1058,213,Writer
1058,374,Penciler
1059,49,Writer
1059,161,Penciler
1060,219,Writer
1060,161,Penciler
1061,341,Writer
1061,131,Penciler
1062,192,Writer
1062,489,Penciler
1063,79,Writer
1063,352,Penciler
1064,473,Writer
1064,243,Penciler
1065,35,Writer
1065,47,Penciler
1066,426,Writer
1066,44,Penciler
1067,48,Writer
1067,222,Penciler
1068,50,Writer
1068,382,Penciler
1069,379,Writer
1069,191,Penciler
1070,416,Writer
1070,67,Penciler
1071,285,Writer
1071,31,Penciler
1072,301,Writer
1072,490,Penciler
1073,288,Writer
1073,288,Penciler
1074,169,Writer
1074,344,Penciler
1075,63,Writer
1075,211,Penciler
1076,182,Writer
1076,448,Penciler
1077,341,Writer
1077,482,Penciler
1078,385,Writer
1078,217,Penciler
1079,445,Writer
1079,469,Penciler
1080,370,Writer
1080,27,Penciler
1081,496,Writer
1081,148,Penciler
1082,308,Writer
1082,160,Penciler
1083,181,Writer
1083,54,Penciler
1084,296,Writer
1084,260,Penciler
1085,109,Writer
1085,80,Penciler
1086,337,Writer
1086,247,Penciler
1087,115,Writer
1087,434,Penciler
1088,56,Writer
1088,180,Penciler
1089,433,Writer
1089,285,Penciler
1090,189,Writer
1090,59,Penciler
1091,391,Writer
1091,143,Penciler
1092,294,Writer
1092,116,Penciler
1093,414,Writer
1093,220,Penciler
1094,433,Writer
1094,288,Penciler
1095,499,Writer
1095,393,Penciler
1096,420,Writer
1096,319,Penciler
1097,315,Writer
1097,346,Penciler
1098,330,Writer
1098,286,Penciler
1099,14,Writer
1099,312,Penciler
1100,476,Writer
1100,337,Penciler
1101,425,Writer
1101,356,Penciler
1102,137,Writer
1102,15,Penciler
1103,93,Writer
1103,140,Penciler
1104,360,Writer
1104,391,Penciler
1105,159,Writer
1105,472,Penciler
1106,174,Writer
1106,180,Penciler
1107,4,Writer
1107,93,Penciler
1108,446,Writer
1108,74,Penciler
1109,290,Writer
1109,337,Penciler
1110,206,Writer
1110,36,Penciler
1111,73,Writer
1111,380,Penciler
1112,325,Writer
1112,498,Penciler
1113,16,Writer
1113,47,Penciler
1114,383,Writer
1114,272,Penciler
1115,111,Writer
1115,193,Penciler
1116,215,Writer
1116,233,Penciler
1117,175,Writer
1117,81,Penciler
1118,190,Writer
1118,160,Penciler
1119,370,Writer
1119,167,Penciler
1120,398,Writer
1120,483,Penciler
1121,291,Writer
1121,306,Penciler
1122,44,Writer
1122,453,Penciler
1123,27,Writer
1123,80,Penciler
1124,81,Writer
1124,387,Penciler
1125,317,Writer
1125,26,Penciler
1126,346,Writer
1126,42,Penciler
1127,140,Writer
1127,227,Penciler
1128,339,Writer
1128,218,Penciler
1129,249,Writer
1129,311,Penciler
1130,227,Writer
1130,213,Penciler
1131,140,Writer
1131,111,Penciler
1132,387,Writer
1132,263,Penciler
1133,59,Writer
1133,177,Penciler
1134,221,Writer
1134,57,Penciler
1135,146,Writer
1135,348,Penciler
1136,348,Writer
1136,304,Penciler
1137,250,Writer
1137,270,Penciler
1138,342,Writer
1138,158,Penciler
1139,24,Writer
1139,113,Penciler
1140,203,Writer
1140,307,Penciler
1141,29,Writer
1141,4,Penciler
1142,105,Writer
1142,155,Penciler
1143,485,Writer
1143,109,Penciler
1144,393,Writer
1144,71,Penciler
1145,392,Writer
1145,131,Penciler
1146,149,Writer
1146,168,Penciler
1147,62,Writer
1147,4,Penciler
1148,255,Writer
1148,383,Penciler
1149,221,Writer
1149,90,Penciler
1150,67,Writer
1150,195,Penciler
1151,273,Writer
1151,361,Penciler
1152,118,Writer
1152,257,Penciler
1153,287,Writer
1153,427,Penciler
1154,343,Writer
1154,413,Penciler
1155,182,Writer
1155,37,Penciler
1156,204,Writer
1156,442,Penciler
1157,380,Writer
1157,22,Penciler
1158,224,Writer
1158,10,Penciler
1159,236,Writer
1159,472,Penciler
1160,40,Writer
1160,442,Penciler
1161,161,Writer
1161,295,Penciler
1162,220,Writer
1162,294,Penciler
1163,208,Writer
1163,364,Penciler
1164,328,Writer
1164,214,Penciler
1165,149,Writer
1165,59,Penciler
1166,208,Writer
1166,11,Penciler
1167,495,Writer
1167,167,Penciler
1168,88,Writer
1168,411,Penciler
1169,486,Writer
1169,317,Penciler
1170,236,Writer
1170,426,Penciler
1171,354,Writer
1171,471,Penciler
1172,186,Writer
1172,46,Penciler
1173,224,Writer
1173,433,Penciler
1174,55,Writer
1174,125,Penciler
1175,224,Writer
1175,302,Penciler
1176,206,Writer
1176,269,Penciler
1177,41,Writer
1177,203,Penciler
1178,446,Writer
1178,159,Penciler
1179,382,Writer
1179,174,Penciler
1180,114,Writer
1180,171,Penciler
1181,399,Writer
1181,87,Penciler
1182,40,Writer
1182,262,Penciler
1183,325,Writer
1183,59,Penciler
1184,272,Writer
1184,262,Penciler
1185,100,Writer
1185,464,Penciler
1186,398,Writer
1186,179,Penciler
1187,180,Writer
1187,373,Penciler
1188,491,Writer
1188,420,Penciler
1189,331,Writer
1189,418,Penciler
1190,76,Writer
1190,121,Penciler
1191,53,Writer
1191,75,Penciler
1192,132,Writer
1192,102,Penciler
1193,89,Writer
1193,309,Penciler
1194,79,Writer
1194,390,Penciler
1195,389,Writer
1195,336,Penciler
1196,39,Writer
1196,91,Penciler
1197,488,Writer
1197,396,Penciler
1198,322,Writer
1198,253,Penciler
1199,238,Writer
1199,387,Penciler
1200,289,Writer
1200,390,Penciler
1201,297,Writer
1201,230,Penciler
1202,349,Writer
1202,474,Penciler
1203,452,Writer
1203,290,Penciler
1204,330,Writer
1204,326,Penciler
1205,320,Writer
1205,166,Penciler
1206,443,Writer
1206,498,Penciler
1207,322,Writer
1207,162,Penciler
1208,78,Writer
1208,226,Penciler
1209,35,Writer
1209,241,Penciler
1210,227,Writer
1210,324,Penciler
1211,156,Writer
1211,408,Penciler
1212,141,Writer
1212,303,Penciler
1213,29,Writer
1213,181,Penciler
1214,260,Writer
1214,38,Penciler
1215,159,Writer
1215,237,Penciler
1216,232,Writer
1216,20,Penciler
1217,30,Writer
1217,189,Penciler
1218,426,Writer
1218,147,Penciler
1219,40,Writer
1219,331,Penciler
1220,443,Writer
1220,438,Penciler
1221,47,Writer
1221,315,Penciler
1222,305,Writer
1222,260,Penciler
1223,197,Writer
1223,237,Penciler
1224,298,Writer
1224,284,Penciler
1225,489,Writer
1225,406,Penciler
1226,379,Writer
1226,459,Penciler
1227,22,Writer
1227,231,Penciler
1228,466,Writer
1228,415,Penciler
1229,293,Writer
1229,334,Penciler
1230,97,Writer
1230,165,Penciler
1231,310,Writer
1231,244,Penciler
1232,257,Writer
1232,78,Penciler
1233,491,Writer
1233,32,Penciler
1234,231,Writer
1234,53,Penciler
1235,416,Writer
1235,461,Penciler
1236,429,Writer
1236,176,Penciler
1237,366,Writer
1237,44,Penciler
1238,259,Writer
1238,331,Penciler
1239,89,Writer
1239,21,Penciler
1240,127,Writer
1240,363,Penciler
1241,225,Writer
1241,225,Penciler
1242,269,Writer
1242,268,Penciler
1243,313,Writer
1243,82,Penciler
1244,187,Writer
1244,191,Penciler
1245,470,Writer
1245,145,Penciler
1246,199,Writer
1246,210,Penciler
1247,397,Writer
1247,174,Penciler
1248,348,Writer
1248,307,Penciler
1249,27,Writer
1249,405,Penciler
1250,324,Writer
1250,332,Penciler
1251,172,Writer
1251,34,Penciler
1252,169,Writer
1252,49,Penciler
1253,286,Writer
1253,348,Penciler
1254,198,Writer
1254,146,Penciler
1255,130,Writer
1255,371,Penciler
1256,437,Writer
1256,337,Penciler
1257,494,Writer
1257,465,Penciler
1258,309,Writer
1258,448,Penciler
1259,77,Writer
1259,171,Penciler
1260,42,Writer
1260,299,Penciler
1261,340,Writer
1261,73,Penciler
1262,470,Writer
1262,180,Penciler
1263,159,Writer
1263,496,Penciler
1264,336,Writer
1264,358,Penciler
1265,340,Writer
1265,201,Penciler
1266,67,Writer
1266,305,Penciler
1267,363,Writer
1267,481,Penciler
1268,44,Writer
1268,159,Penciler
1269,287,Writer
1269,193,Penciler
1270,330,Writer
1270,406,Penciler
1271,169,Writer
1271,417,Penciler
1272,66,Writer
1272,344,Penciler
1273,360,Writer
1273,425,Penciler
1274,485,Writer
1274,379,Penciler
1275,351,Writer
1275,468,Penciler
1276,270,Writer
1276,48,Penciler
1277,331,Writer
1277,344,Penciler
1278,217,Writer
1278,261,Penciler
1279,186,Writer
1279,10,Penciler
1280,186,Writer
1280,159,Penciler
1281,93,Writer
1281,487,Penciler
1282,110,Writer
1282,175,Penciler
1283,486,Writer
1283,393,Penciler
1284,249,Writer
1284,99,Penciler
1285,116,Writer
1285,71,Penciler
1286,80,Writer
1286,40,Penciler
1287,152,Writer
1287,433,Penciler
1288,404,Writer
1288,52,Penciler
1289,260,Writer
1289,395,Penciler
1290,277,Writer
1290,428,Penciler
1291,379,Writer
1291,453,Penciler
1292,270,Writer
1292,20,Penciler
1293,339,Writer
1293,173,Penciler
1294,449,Writer
1294,393,Penciler
1295,317,Writer
1295,68,Penciler
1296,306,Writer
1296,193,Penciler
1297,79,Writer
1297,84,Penciler
1298,93,Writer
1298,426,Penciler
1299,355,Writer
1299,395,Penciler
1300,320,Writer
1300,415,Penciler
1301,463,Writer
1301,85,Penciler
1302,370,Writer
1302,225,Penciler
1303,23,Writer
1303,211,Penciler
1304,187,Writer
1304,347,Penciler
1305,369,Writer
1305,122,Penciler
1306,497,Writer
1306,228,Penciler
1307,313,Writer
1307,146,Penciler
1308,386,Writer
1308,384,Penciler
1309,402,Writer
1309,230,Penciler
1310,120,Writer
1310,274,Penciler
1311,123,Writer
1311,159,Penciler
1312,495,Writer
1312,415,Penciler
1313,402,Writer
1313,241,Penciler
1314,463,Writer
1314,428,Penciler
1315,100,Writer
1315,189,Penciler
1316,348,Writer
1316,485,Penciler
1317,293,Writer
1317,226,Penciler
1318,237,Writer
1318,394,Penciler
1319,145,Writer
1319,399,Penciler
1320,196,Writer
1320,258,Penciler
1321,271,Writer
1321,215,Penciler
1322,495,Writer
1322,83,Penciler
1323,419,Writer
1323,103,Penciler
1324,411,Writer
1324,310,Penciler
1325,71,Writer
1325,447,Penciler
1326,129,Writer
1326,27,Penciler
1327,329,Writer
1327,247,Penciler
1328,448,Writer
1328,191,Penciler
1329,284,Writer
1329,479,Penciler
1330,53,Writer
1330,365,Penciler
1331,434,Writer
1331,265,Penciler
1332,436,Writer
1332,64,Penciler
1333,146,Writer
1333,43,Penciler
1334,391,Writer
1334,83,Penciler
1335,140,Writer
1335,231,Penciler
1336,464,Writer
1336,263,Penciler
1337,76,Writer
1337,426,Penciler
1338,224,Writer
1338,47,Penciler
1339,485,Writer
1339,467,Penciler
1340,114,Writer
1340,419,Penciler
1341,231,Writer
1341,453,Penciler
1342,179,Writer
1342,477,Penciler
1343,14,Writer
1343,213,Penciler
1344,28,Writer
1344,203,Penciler
1345,258,Writer
1345,192,Penciler
1346,121,Writer
1346,198,Penciler
1347,42,Writer
1347,192,Penciler
1348,115,Writer
1348,15,Penciler
1349,164,Writer
1349,477,Penciler
1350,51,Writer
1350,430,Penciler
1351,366,Writer
1351,333,Penciler
1352,172,Writer
1352,406,Penciler
1353,75,Writer
1353,71,Penciler
1354,20,Writer
1354,147,Penciler
1355,470,Writer
1355,425,Penciler
1356,242,Writer
1356,357,Penciler
1357,426,Writer
1357,72,Penciler
1358,389,Writer
1358,362,Penciler
1359,241,Writer
1359,230,Penciler
1360,316,Writer
1360,3,Penciler
1361,464,Writer
1361,41,Penciler
1362,10,Writer
1362,132,Penciler
1363,111,Writer
1363,428,Penciler
1364,77,Writer
1364,281,Penciler
1365,482,Writer
1365,373,Penciler
1366,312,Writer
1366,271,Penciler
1367,217,Writer
1367,57,Penciler
1368,398,Writer
1368,148,Penciler
1369,122,Writer
1369,155,Penciler
1370,63,Writer
1370,25,Penciler
1371,123,Writer
1371,215,Penciler
1372,328,Writer
1372,407,Penciler
1373,319,Writer
1373,235,Penciler
1374,33,Writer
1374,57,Penciler
1375,429,Writer
1375,464,Penciler
1376,256,Writer
1376,306,Penciler
1377,275,Writer
1377,9,Penciler
1378,324,Writer
1378,264,Penciler
1379,295,Writer
1379,124,Penciler
1380,368,Writer
1380,74,Penciler
1381,150,Writer
1381,220,Penciler
1382,1,Writer
1382,315,Penciler
1383,181,Writer
1383,124,Penciler
1384,293,Writer
1384,214,Penciler
1385,96,Writer
1385,341,Penciler
1386,343,Writer
1386,44,Penciler
1387,269,Writer
1387,500,Penciler
1388,185,Writer
1388,35,Penciler
1389,489,Writer
1389,270,Penciler
1390,279,Writer
1390,260,Penciler
1391,403,Writer
1391,260,Penciler
1392,284,Writer
1392,11,Penciler
1393,200,Writer
1393,448,Penciler
1394,241,Writer
1394,23,Penciler
1395,326,Writer
1395,199,Penciler
1396,192,Writer
1396,130,Penciler
1397,383,Writer
1397,9,Penciler
1398,183,Writer
1398,404,Penciler
1399,35,Writer
1399,177,Penciler
1400,124,Writer
1400,376,Penciler
1401,337,Writer
1401,322,Penciler
1402,54,Writer
1402,396,Penciler
1403,298,Writer
1403,377,Penciler
1404,388,Writer
1404,171,Penciler
1405,69,Writer
1405,23,Penciler
1406,181,Writer
1406,280,Penciler
1407,174,Writer
1407,417,Penciler
1408,330,Writer
1408,90,Penciler
1409,426,Writer
1409,399,Penciler
1410,351,Writer
1410,238,Penciler
1411,357,Writer
1411,246,Penciler
1412,324,Writer
1412,94,Penciler
1413,416,Writer
1413,70,Penciler
1414,33,Writer
1414,367,Penciler
1415,398,Writer
1415,484,Penciler
1416,235,Writer
1416,19,Penciler
1417,151,Writer
1417,104,Penciler
1418,23,Writer
1418,406,Penciler
1419,103,Writer
1419,454,Penciler
1420,22,Writer
1420,162,Penciler
1421,478,Writer
1421,159,Penciler
1422,264,Writer
1422,204,Penciler
1423,418,Writer
1423,279,Penciler
1424,243,Writer
1424,130,Penciler
1425,19,Writer
1425,386,Penciler
1426,332,Writer
1426,98,Penciler
1427,147,Writer
1427,183,Penciler
1428,442,Writer
1428,400,Penciler
1429,25,Writer
1429,444,Penciler
1430,336,Writer
1430,170,Penciler
1431,140,Writer
1431,64,Penciler
1432,410,Writer
1432,189,Penciler
1433,224,Writer
1433,456,Penciler
1434,205,Writer
1434,381,Penciler
1435,226,Writer
1435,459,Penciler
1436,490,Writer
1436,198,Penciler
1437,174,Writer
1437,499,Penciler
1438,96,Writer
1438,255,Penciler
1439,355,Writer
1439,255,Penciler
1440,189,Writer
1440,474,Penciler
1441,409,Writer
1441,266,Penciler
1442,137,Writer
1442,411,Penciler
1443,43,Writer
1443,373,Penciler
1444,218,Writer
1444,41,Penciler
1445,221,Writer
1445,309,Penciler
1446,422,Writer
1446,93,Penciler
1447,280,Writer
1447,151,Penciler
1448,165,Writer
1448,53,Penciler
1449,41,Writer
1449,168,Penciler
1450,339,Writer
1450,152,Penciler
1451,157,Writer
1451,229,Penciler
1452,309,Writer
1452,368,Penciler
1453,219,Writer
1453,86,Penciler
1454,354,Writer
1454,228,Penciler
1455,180,Writer
1455,229,Penciler
1456,22,Writer
1456,373,Penciler
1457,446,Writer
1457,467,Penciler
1458,181,Writer
1458,315,Penciler
1459,223,Writer
1459,141,Penciler
1460,328,Writer
1460,406,Penciler
1461,486,Writer
1461,30,Penciler
1462,39,Writer
1462,344,Penciler
1463,327,Writer
1463,208,Penciler
1464,187,Writer
1464,263,Penciler
1465,411,Writer
1465,384,Penciler
1466,348,Writer
1466,82,Penciler
1467,488,Writer
1467,16,Penciler
1468,74,Writer
1468,435,Penciler
1469,312,Writer
1469,348,Penciler
1470,401,Writer
1470,225,Penciler
1471,18,Writer
1471,65,Penciler
1472,35,Writer
1472,121,Penciler
1473,399,Writer
1473,331,Penciler
1474,188,Writer
1474,186,Penciler
1475,197,Writer
1475,487,Penciler
1476,291,Writer
1476,17,Penciler
1477,310,Writer
1477,79,Penciler
1478,348,Writer
1478,231,Penciler
1479,486,Writer
1479,190,Penciler
1480,191,Writer
1480,228,Penciler
1481,391,Writer
1481,40,Penciler
1482,294,Writer
1482,71,Penciler
1483,272,Writer
1483,188,Penciler
1484,204,Writer
1484,161,Penciler
1485,333,Writer
1485,143,Penciler
1486,128,Writer
1486,492,Penciler
1487,59,Writer
1487,14,Penciler
1488,377,Writer
1488,96,Penciler
1489,256,Writer
1489,266,Penciler
1490,199,Writer
1490,468,Penciler
1491,288,Writer
1491,61,Penciler
1492,135,Writer
1492,397,Penciler
1493,134,Writer
1493,361,Penciler
1494,229,Writer
1494,110,Penciler
1495,314,Writer
1495,147,Penciler
1496,356,Writer
1496,470,Penciler
1497,252,Writer
1497,103,Penciler
1498,63,Writer
1498,70,Penciler
1499,437,Writer
1499,38,Penciler
1500,232,Writer
1500,89,Penciler
1501,461,Writer
1501,366,Penciler
1502,228,Writer
1502,45,Penciler
1503,415,Writer
1503,350,Penciler
1504,496,Writer
1504,433,Penciler
1505,164,Writer
1505,342,Penciler
1506,178,Writer
1506,364,Penciler
1507,34,Writer
1507,282,Penciler
1508,278,Writer
1508,149,Penciler
1509,457,Writer
1509,154,Penciler
1510,436,Writer
1510,81,Penciler
1511,365,Writer
1511,364,Penciler
1512,475,Writer
1512,359,Penciler
1513,327,Writer
1513,90,Penciler
1514,407,Writer
1514,186,Penciler
1515,261,Writer
1515,115,Penciler
1516,63,Writer
1516,103,Penciler
1517,406,Writer
1517,72,Penciler
1518,122,Writer
1518,405,Penciler
1519,253,Writer
1519,14,Penciler
1520,185,Writer
1520,284,Penciler
1521,294,Writer
1521,189,Penciler
1522,240,Writer
1522,412,Penciler
1523,283,Writer
1523,67,Penciler
1524,314,Writer
1524,453,Penciler
1525,45,Writer
1525,34,Penciler
1526,159,Writer
1526,204,Penciler
1527,368,Writer
1527,369,Penciler
1528,246,Writer
1528,270,Penciler
1529,211,Writer
1529,394,Penciler
1530,210,Writer
1530,422,Penciler
1531,295,Writer
1531,38,Penciler
1532,65,Writer
1532,498,Penciler
1533,163,Writer
1533,329,Penciler
1534,38,Writer
1534,231,Penciler
1535,239,Writer
1535,349,Penciler
1536,265,Writer
1536,177,Penciler
1537,66,Writer
1537,450,Penciler
1538,425,Writer
1538,400,Penciler
1539,283,Writer
1539,328,Penciler
1540,301,Writer
1540,94,Penciler
1541,394,Writer
1541,495,Penciler
1542,67,Writer
1542,222,Penciler
1543,258,Writer
1543,467,Penciler
1544,445,Writer
1544,29,Penciler
1545,426,Writer
1545,64,Penciler
1546,266,Writer
1546,79,Penciler
1547,156,Writer
1547,85,Penciler
1548,83,Writer
1548,166,Penciler
1549,479,Writer
1549,364,Penciler
1550,116,Writer
1550,178,Penciler
1551,486,Writer
1551,482,Penciler
1552,266,Writer
1552,459,Penciler
1553,146,Writer
1553,434,Penciler
1554,41,Writer
1554,129,Penciler
1555,101,Writer
1555,326,Penciler
1556,490,Writer
1556,283,Penciler
1557,141,Writer
1557,65,Penciler
1558,321,Writer
1558,156,Penciler
1559,315,Writer
1559,274,Penciler
1560,48,Writer
1560,258,Penciler
1561,329,Writer
1561,87,Penciler
1562,304,Writer
1562,483,Penciler
1563,298,Writer
1563,79,Penciler
1564,88,Writer
1564,338,Penciler
1565,320,Writer
1565,369,Penciler
1566,462,Writer
1566,310,Penciler
1567,173,Writer
1567,432,Penciler
1568,474,Writer
1568,289,Penciler
1569,22,Writer
1569,423,Penciler
1570,443,Writer
1570,15,Penciler
1571,42,Writer
1571,24,Penciler
1572,486,Writer
1572,329,Penciler
1573,395,Writer
1573,296,Penciler
1574,136,Writer
1574,334,Penciler
1575,108,Writer
1575,393,Penciler
1576,293,Writer
1576,214,Penciler
1577,317,Writer
1577,328,Penciler
1578,16,Writer
1578,255,Penciler
1579,456,Writer
1579,322,Penciler
1580,280,Writer
1580,149,Penciler
1581,329,Writer
1581,490,Penciler
1582,155,Writer
1582,248,Penciler
1583,126,Writer
1583,413,Penciler
1584,414,Writer
1584,351,Penciler
1585,208,Writer
1585,153,Penciler
1586,233,Writer
1586,38,Penciler
1587,353,Writer
1587,31,Penciler
1588,81,Writer
1588,226,Penciler
1589,213,Writer
1589,248,Penciler
1590,238,Writer
1590,105,Penciler
1591,175,Writer
1591,311,Penciler
1592,74,Writer
1592,161,Penciler
1593,442,Writer
1593,368,Penciler
1594,164,Writer
1594,376,Penciler
1595,441,Writer
1595,177,Penciler
1596,500,Writer
1596,205,Penciler
1597,67,Writer
1597,390,Penciler
1598,190,Writer
1598,264,Penciler
1599,288,Writer
1599,55,Penciler
1600,164,Writer
1600,124,Penciler
1601,239,Writer
1601,63,Penciler
1602,137,Writer
1602,231,Penciler
1603,127,Writer
1603,73,Penciler
1604,50,Writer
1604,26,Penciler
1605,149,Writer
1605,485,Penciler
1606,197,Writer
1606,443,Penciler
1607,316,Writer
1607,215,Penciler
1608,128,Writer
1608,493,Penciler
1609,444,Writer
1609,462,Penciler
1610,82,Writer
1610,417,Penciler
1611,168,Writer
1611,479,Penciler
1612,296,Writer
1612,370,Penciler
1613,161,Writer
1613,98,Penciler
1614,391,Writer
1614,82,Penciler
1615,256,Writer
1615,264,Penciler
1616,240,Writer
1616,256,Penciler
1617,451,Writer
1617,158,Penciler
1618,255,Writer
1618,12,Penciler
1619,47,Writer
1619,484,Penciler
1620,202,Writer
1620,259,Penciler
1621,235,Writer
1621,495,Penciler
1622,124,Writer
1622,111,Penciler
1623,299,Writer
1623,181,Penciler
1624,25,Writer
1624,26,Penciler
1625,145,Writer
1625,254,Penciler
1626,306,Writer
1626,452,Penciler
1627,432,Writer
1627,335,Penciler
1628,345,Writer
1628,241,Penciler
1629,147,Writer
1629,275,Penciler
1630,5,Writer
1630,434,Penciler
1631,56,Writer
1631,221,Penciler
1632,69,Writer
1632,452,Penciler
1633,136,Writer
1633,373,Penciler
1634,188,Writer
1634,392,Penciler
1635,207,Writer
1635,188,Penciler
1636,24,Writer
1636,206,Penciler
1637,27,Writer
1637,292,Penciler
1638,288,Writer
1638,100,Penciler
1639,186,Writer
1639,284,Penciler
1640,148,Writer
1640,38,Penciler
1641,198,Writer
1641,259,Penciler
1642,231,Writer
1642,392,Penciler
1643,282,Writer
1643,144,Penciler
1644,423,Writer
1644,320,Penciler
1645,349,Writer
1645,313,Penciler
1646,61,Writer
1646,66,Penciler
1647,500,Writer
1647,50,Penciler
1648,202,Writer
1648,192,Penciler
1649,407,Writer
1649,174,Penciler
1650,286,Writer
1650,481,Penciler
1651,188,Writer
1651,387,Penciler
1652,74,Writer
1652,102,Penciler
1653,309,Writer
1653,261,Penciler
1654,206,Writer
1654,257,Penciler
1655,21,Writer
1655,24,Penciler
1656,20,Writer
1656,71,Penciler
1657,366,Writer
1657,171,Penciler
1658,412,Writer
1658,243,Penciler
1659,266,Writer
1659,234,Penciler
1660,77,Writer
1660,311,Penciler
1661,458,Writer
1661,264,Penciler
1662,72,Writer
1662,168,Penciler
1663,477,Writer
1663,314,Penciler
1664,164,Writer
1664,84,Penciler
1665,202,Writer
1665,316,Penciler
1666,379,Writer
1666,432,Penciler
1667,154,Writer
1667,304,Penciler
1668,173,Writer
1668,260,Penciler
1669,425,Writer
1669,261,Penciler
1670,273,Writer
1670,251,Penciler
1671,363,Writer
1671,289,Penciler
1672,154,Writer
1672,244,Penciler
1673,418,Writer
1673,9,Penciler
1674,189,Writer
1674,170,Penciler
1675,345,Writer
1675,57,Penciler
1676,214,Writer
1676,299,Penciler
1677,158,Writer
1677,408,Penciler
1678,461,Writer
1678,372,Penciler
1679,447,Writer
1679,353,Penciler
1680,323,Writer
1680,14,Penciler
1681,306,Writer
1681,243,Penciler
1682,136,Writer
1682,496,Penciler
1683,336,Writer
1683,401,Penciler
1684,498,Writer
1684,398,Penciler
1685,297,Writer
1685,296,Penciler
1686,117,Writer
1686,370,Penciler
1687,27,Writer
1687,299,Penciler
1688,246,Writer
1688,88,Penciler
1689,269,Writer
1689,323,Penciler
1690,370,Writer
1690,318,Penciler
1691,397,Writer
1691,431,Penciler
1692,195,Writer
1692,76,Penciler
1693,421,Writer
1693,349,Penciler
1694,125,Writer
1694,17,Penciler
1695,294,Writer
1695,486,Penciler
1696,359,Writer
1696,57,Penciler
1697,98,Writer
1697,10,Penciler
1698,226,Writer
1698,161,Penciler
1699,215,Writer
1699,78,Penciler
1700,212,Writer
1700,354,Penciler
1701,105,Writer
1701,211,Penciler
1702,257,Writer
1702,397,Penciler
1703,314,Writer
1703,472,Penciler
1704,242,Writer
1704,447,Penciler
1705,435,Writer
1705,377,Penciler
1706,373,Writer
1706,32,Penciler
1707,362,Writer
1707,71,Penciler
1708,266,Writer
1708,107,Penciler
1709,288,Writer
1709,167,Penciler
1710,340,Writer
1710,245,Penciler
1711,270,Writer
1711,193,Penciler
1712,161,Writer
1712,490,Penciler
1713,89,Writer
1713,236,Penciler
1714,468,Writer
1714,273,Penciler
1715,176,Writer
1715,280,Penciler
1716,182,Writer
1716,347,Penciler
1717,396,Writer
1717,445,Penciler
1718,370,Writer
1718,349,Penciler
1719,330,Writer
1719,412,Penciler
1720,355,Writer
1720,136,Penciler
1721,313,Writer
1721,248,Penciler
1722,99,Writer
1722,491,Penciler
1723,127,Writer
1723,143,Penciler
1724,286,Writer
1724,153,Penciler
1725,116,Writer
1725,483,Penciler
1726,499,Writer
1726,153,Penciler
1727,395,Writer
1727,148,Penciler
1728,361,Writer
1728,107,Penciler
1729,354,Writer
1729,361,Penciler
1730,251,Writer
1730,163,Penciler
1731,246,Writer
1731,179,Penciler
1732,287,Writer
1732,479,Penciler
1733,479,Writer
1733,408,Penciler
1734,370,Writer
1734,141,Penciler
1735,148,Writer
1735,63,Penciler
1736,294,Writer
1736,347,Penciler
1737,279,Writer
1737,195,Penciler
1738,459,Writer
1738,203,Penciler
1739,420,Writer
1739,177,Penciler
1740,489,Writer
1740,396,Penciler
1741,412,Writer
1741,75,Penciler
1742,149,Writer
1742,22,Penciler
1743,148,Writer
1743,490,Penciler
1744,366,Writer
1744,41,Penciler
1745,178,Writer
1745,474,Penciler
1746,227,Writer
1746,336,Penciler
1747,132,Writer
1747,383,Penciler
1748,246,Writer
1748,110,Penciler
1749,104,Writer
1749,424,Penciler
1750,276,Writer
1750,139,Penciler
1751,478,Writer
1751,288,Penciler
1752,357,Writer
1752,140,Penciler
1753,71,Writer
1753,56,Penciler
1754,316,Writer
1754,380,Penciler
1755,301,Writer
1755,123,Penciler
1756,125,Writer
1756,26,Penciler
1757,343,Writer
1757,464,Penciler
1758,272,Writer
1758,116,Penciler
1759,327,Writer
1759,120,Penciler
1760,27,Writer
1760,52,Penciler
1761,212,Writer
1761,170,Penciler
1762,368,Writer
1762,242,Penciler
1763,52,Writer
1763,349,Penciler
1764,395,Writer
1764,71,Penciler
1765,3,Writer
1765,494,Penciler
1766,282,Writer
1766,476,Penciler
1767,81,Writer
1767,209,Penciler
1768,335,Writer
1768,479,Penciler
1769,451,Writer
1769,450,Penciler
1770,244,Writer
1770,245,Penciler
1771,334,Writer
1771,103,Penciler
1772,388,Writer
1772,494,Penciler
1773,148,Writer
1773,165,Penciler
1774,147,Writer
1774,331,Penciler
1775,31,Writer
1775,465,Penciler
1776,394,Writer
1776,46,Penciler
1777,334,Writer
1777,294,Penciler
1778,119,Writer
1778,274,Penciler
1779,379,Writer
1779,371,Penciler
1780,436,Writer
1780,480,Penciler
1781,20,Writer
1781,468,Penciler
1782,472,Writer
1782,90,Penciler
1783,214,Writer
1783,452,Penciler
1784,429,Writer
1784,91,Penciler
1785,479,Writer
1785,471,Penciler
1786,19,Writer
1786,429,Penciler
1787,204,Writer
1787,404,Penciler
1788,254,Writer
1788,96,Penciler
1789,480,Writer
1789,384,Penciler
1790,493,Writer
1790,447,Penciler
1791,475,Writer
1791,149,Penciler
1792,449,Writer
1792,20,Penciler
1793,5,Writer
1793,153,Penciler
1794,291,Writer
1794,309,Penciler
1795,55,Writer
1795,476,Penciler
1796,172,Writer
1796,146,Penciler
1797,233,Writer
1797,329,Penciler
1798,279,Writer
1798,269,Penciler
1799,253,Writer
1799,456,Penciler
1800,481,Writer
1800,69,Penciler
1801,436,Writer
1801,259,Penciler
1802,240,Writer
1802,140,Penciler
1803,99,Writer
1803,415,Penciler
1804,58,Writer
1804,170,Penciler
1805,84,Writer
1805,375,Penciler
1806,235,Writer
1806,332,Penciler
1807,132,Writer
1807,368,Penciler
1808,96,Writer
1808,8,Penciler
1809,378,Writer
1809,173,Penciler
1810,405,Writer
1810,152,Penciler
1811,291,Writer
1811,346,Penciler
1812,388,Writer
1812,99,Penciler
1813,90,Writer
1813,313,Penciler
1814,439,Writer
1814,328,Penciler
1815,460,Writer
1815,208,Penciler
1816,424,Writer
1816,219,Penciler
1817,264,Writer
1817,168,Penciler
1818,45,Writer
1818,206,Penciler
1819,343,Writer
1819,49,Penciler
1820,95,Writer
1820,72,Penciler
1821,245,Writer
1821,166,Penciler
1822,480,Writer
1822,128,Penciler
1823,4,Writer
1823,134,Penciler
1824,197,Writer
1824,121,Penciler
1825,229,Writer
1825,386,Penciler
1826,137,Writer
1826,489,Penciler
1827,169,Writer
1827,155,Penciler
1828,299,Writer
1828,371,Penciler
1829,294,Writer
1829,6,Penciler
1830,134,Writer
1830,335,Penciler
1831,185,Writer
1831,355,Penciler
1832,121,Writer
1832,32,Penciler
1833,342,Writer
1833,61,Penciler
1834,239,Writer
1834,158,Penciler
1835,82,Writer
1835,208,Penciler
1836,352,Writer
1836,258,Penciler
1837,473,Writer
1837,459,Penciler
1838,455,Writer
1838,361,Penciler
1839,395,Writer
1839,160,Penciler
1840,354,Writer
1840,61,Penciler
1841,328,Writer
1841,470,Penciler
1842,482,Writer
1842,152,Penciler
1843,189,Writer
1843,315,Penciler
1844,114,Writer
1844,113,Penciler
1845,491,Writer
1845,69,Penciler
1846,245,Writer
1846,79,Penciler
1847,233,Writer
1847,383,Penciler
1848,311,Writer
1848,192,Penciler
1849,213,Writer
1849,360,Penciler
1850,282,Writer
1850,468,Penciler
1851,242,Writer
1851,388,Penciler
1852,276,Writer
1852,411,Penciler
1853,341,Writer
1853,423,Penciler
1854,112,Writer
1854,391,Penciler
1855,127,Writer
1855,349,Penciler
1856,387,Writer
1856,306,Penciler
1857,448,Writer
1857,404,Penciler
1858,42,Writer
1858,270,Penciler
1859,229,Writer
1859,271,Penciler
1860,361,Writer
1860,186,Penciler
1861,40,Writer
1861,470,Penciler
1862,289,Writer
1862,58,Penciler
1863,32,Writer
1863,425,Penciler
1864,281,Writer
1864,463,Penciler
1865,259,Writer
1865,104,Penciler
1866,294,Writer
1866,275,Penciler
1867,77,Writer
1867,85,Penciler
1868,168,Writer
1868,438,Penciler
1869,267,Writer
1869,227,Penciler
1870,60,Writer
1870,349,Penciler
1871,106,Writer
1871,368,Penciler
1872,299,Writer
1872,251,Penciler
1873,47,Writer
1873,461,Penciler
1874,262,Writer
1874,229,Penciler
1875,415,Writer
1875,29,Penciler
1876,233,Writer
1876,68,Penciler
1877,263,Writer
1877,213,Penciler
1878,234,Writer
1878,289,Penciler
1879,30,Writer
1879,287,Penciler
1880,237,Writer
1880,345,Penciler
1881,414,Writer
1881,158,Penciler
1882,371,Writer
1882,12,Penciler
1883,203,Writer
1883,131,Penciler
1884,419,Writer
1884,2,Penciler
1885,382,Writer
1885,112,Penciler
1886,297,Writer
1886,38,Penciler
1887,24,Writer
1887,217,Penciler
1888,177,Writer
1888,359,Penciler
1889,33,Writer
1889,278,Penciler
1890,31,Writer
1890,479,Penciler
1891,458,Writer
1891,36,Penciler
1892,479,Writer
1892,242,Penciler
1893,17,Writer
1893,147,Penciler
1894,210,Writer
1894,93,Penciler
1895,394,Writer
1895,70,Penciler
1896,393,Writer
1896,329,Penciler
1897,374,Writer
1897,331,Penciler
1898,494,Writer
1898,216,Penciler
1899,192,Writer
1899,457,Penciler
1900,196,Writer
1900,230,Penciler
1901,446,Writer
1901,470,Penciler
1902,465,Writer
1902,194,Penciler
1903,193,Writer
1903,42,Penciler
1904,350,Writer
1904,494,Penciler
1905,339,Writer
1905,448,Penciler
1906,277,Writer
1906,69,Penciler
1907,335,Writer
1907,441,Penciler
1908,179,Writer
1908,61,Penciler
1909,92,Writer
1909,276,Penciler
1910,202,Writer
1910,271,Penciler
1911,66,Writer
1911,373,Penciler
1912,115,Writer
1912,428,Penciler
1913,2,Writer
1913,388,Penciler
1914,12,Writer
1914,153,Penciler
1915,238,Writer
1915,345,Penciler
1916,369,Writer
1916,279,Penciler
1917,218,Writer
1917,273,Penciler
1918,195,Writer
1918,422,Penciler
1919,118,Writer
1919,127,Penciler
1920,236,Writer
1920,178,Penciler
1921,80,Writer
1921,142,Penciler
1922,97,Writer
1922,480,Penciler
1923,449,Writer
1923,372,Penciler
1924,392,Writer
1924,58,Penciler
1925,17,Writer
1925,415,Penciler
1926,339,Writer
1926,215,Penciler
1927,315,Writer
1927,393,Penciler
1928,480,Writer
1928,453,Penciler
1929,456,Writer
1929,9,Penciler
1930,124,Writer
1930,106,Penciler
1931,35,Writer
1931,52,Penciler
1932,305,Writer
1932,18,Penciler
1933,229,Writer
1933,307,Penciler
1934,345,Writer
1934,361,Penciler
1935,447,Writer
1935,25,Penciler
1936,126,Writer
1936,380,Penciler
1937,23,Writer
1937,206,Penciler
1938,225,Writer
1938,120,Penciler
1939,277,Writer
1939,112,Penciler
1940,387,Writer
1940,443,Penciler
1941,398,Writer
1941,29,Penciler
1942,72,Writer
1942,258,Penciler
1943,149,Writer
1943,120,Penciler
1944,418,Writer
1944,470,Penciler
1945,375,Writer
1945,295,Penciler
1946,164,Writer
1946,296,Penciler
1947,307,Writer
1947,396,Penciler
1948,345,Writer
1948,420,Penciler
1949,165,Writer
1949,122,Penciler
1950,155,Writer
1950,449,Penciler
1951,74,Writer
1951,339,Penciler
1952,267,Writer
1952,114,Penciler
1953,212,Writer
1953,154,Penciler
1954,141,Writer
1954,32,Penciler
1955,286,Writer
1955,486,Penciler
1956,303,Writer
1956,451,Penciler
1957,377,Writer
1957,467,Penciler
1958,90,Writer
1958,321,Penciler
1959,348,Writer
1959,219,Penciler
1960,285,Writer
1960,254,Penciler
1961,25,Writer
1961,498,Penciler
1962,177,Writer
1962,483,Penciler
1963,330,Writer
1963,344,Penciler
1964,196,Writer
1964,403,Penciler
1965,269,Writer
1965,164,Penciler
1966,357,Writer
1966,214,Penciler
1967,210,Writer
1967,77,Penciler
1968,154,Writer
1968,193,Penciler
1969,95,Writer
1969,387,Penciler
1970,276,Writer
1970,243,Penciler
1971,124,Writer
1971,435,Penciler
1972,116,Writer
1972,154,Penciler
1973,440,Writer
1973,363,Penciler
1974,74,Writer
1974,413,Penciler
1975,238,Writer
1975,469,Penciler
1976,30,Writer
1976,288,Penciler
1977,212,Writer
1977,496,Penciler
1978,214,Writer
1978,286,Penciler
1979,272,Writer
1979,69,Penciler
1980,199,Writer
1980,125,Penciler
1981,131,Writer
1981,105,Penciler
1982,170,Writer
1982,332,Penciler
1983,41,Writer
1983,473,Penciler
1984,231,Writer
1984,434,Penciler
1985,190,Writer
1985,48,Penciler
1986,275,Writer
1986,371,Penciler
1987,425,Writer
1987,98,Penciler
1988,27,Writer
1988,138,Penciler
1989,194,Writer
1989,345,Penciler
1990,310,Writer
1990,309,Penciler
1991,21,Writer
1991,448,Penciler
1992,38,Writer
1992,97,Penciler
1993,412,Writer
1993,390,Penciler
1994,301,Writer
1994,371,Penciler
1995,344,Writer
1995,287,Penciler
1996,112,Writer
1996,246,Penciler
1997,107,Writer
1997,446,Penciler
1998,465,Writer
1998,171,Penciler
1999,156,Writer
1999,490,Penciler
2000,466,Writer
2000,8,Penciler
2001,109,Writer
2001,480,Penciler
2002,98,Writer
2002,493,Penciler
2003,380,Writer
2003,61,Penciler
2004,383,Writer
2004,387,Penciler
2005,246,Writer
2005,469,Penciler
2006,125,Writer
2006,357,Penciler
2007,310,Writer
2007,361,Penciler
2008,105,Writer
2008,204,Penciler
2009,469,Writer
2009,123,Penciler
2010,283,Writer
2010,165,Penciler
2011,398,Writer
2011,145,Penciler
2012,195,Writer
2012,239,Penciler
2013,274,Writer
2013,333,Penciler
2014,184,Writer
2014,158,Penciler
2015,134,Writer
2015,185,Penciler
2016,263,Writer
2016,452,Penciler
2017,255,Writer
2017,239,Penciler
2018,51,Writer
2018,412,Penciler
2019,370,Writer
2019,241,Penciler
2020,390,Writer
2020,430,Penciler
2021,164,Writer
2021,469,Penciler
2022,105,Writer
2022,190,Penciler
2023,161,Writer
2023,212,Penciler
2024,24,Writer
2024,289,Penciler
2025,443,Writer
2025,114,Penciler
2026,380,Writer
2026,75,Penciler
2027,9,Writer
2027,134,Penciler
2028,284,Writer
2028,479,Penciler
2029,300,Writer
2029,297,Penciler
2030,369,Writer
2030,214,Penciler
2031,152,Writer
2031,79,Penciler
2032,101,Writer
2032,169,Penciler
2033,118,Writer
2033,195,Penciler
2034,292,Writer
2034,427,Penciler
2035,126,Writer
2035,256,Penciler
2036,282,Writer
2036,336,Penciler
2037,484,Writer
2037,351,Penciler
2038,173,Writer
2038,132,Penciler
2039,391,Writer
2039,421,Penciler
2040,251,Writer
2040,495,Penciler
2041,371,Writer
2041,329,Penciler
2042,379,Writer
2042,252,Penciler
2043,236,Writer
2043,87,Penciler
2044,376,Writer
2044,408,Penciler
2045,181,Writer
2045,87,Penciler
2046,72,Writer
2046,369,Penciler
2047,280,Writer
2047,251,Penciler
2048,95,Writer
2048,470,Penciler
2049,456,Writer
2049,278,Penciler
2050,329,Writer
2050,491,Penciler
2051,31,Writer
2051,269,Penciler
2052,18,Writer
2052,430,Penciler
2053,434,Writer
2053,39,Penciler
2054,484,Writer
2054,419,Penciler
2055,343,Writer
2055,25,Penciler
2056,392,Writer
2056,4,Penciler
2057,212,Writer
2057,71,Penciler
2058,432,Writer
2058,323,Penciler
2059,119,Writer
2059,35,Penciler
2060,363,Writer
2060,78,Penciler
2061,5,Writer
2061,112,Penciler
2062,259,Writer
2062,234,Penciler
2063,192,Writer
2063,31,Penciler
2064,317,Writer
2064,327,Penciler
2065,342,Writer
2065,479,Penciler
2066,316,Writer
2066,468,Penciler
2067,248,Writer
2067,338,Penciler
2068,250,Writer
2068,9,Penciler
2069,4,Writer
2069,273,Penciler
2070,283,Writer
2070,211,Penciler
2071,7,Writer
2071,9,Penciler
2072,272,Writer
2072,370,Penciler
2073,141,Writer
2073,275,Penciler
2074,147,Writer
2074,9,Penciler
2075,258,Writer
2075,417,Penciler
2076,358,Writer
2076,346,Penciler
2077,221,Writer
2077,413,Penciler
2078,482,Writer
2078,466,Penciler
2079,92,Writer
2079,55,Penciler
2080,471,Writer
2080,50,Penciler
2081,269,Writer
2081,77,Penciler
2082,124,Writer
2082,99,Penciler
2083,318,Writer
2083,270,Penciler
2084,130,Writer
2084,418,Penciler
2085,182,Writer
2085,137,Penciler
2086,408,Writer
2086,204,Penciler
2087,41,Writer
2087,192,Penciler
2088,492,Writer
2088,208,Penciler
2089,236,Writer
2089,290,Penciler
2090,125,Writer
2090,357,Penciler
2091,116,Writer
2091,154,Penciler
2092,351,Writer
2092,424,Penciler
2093,435,Writer
2093,42,Penciler
2094,335,Writer
2094,440,Penciler
2095,333,Writer
2095,389,Penciler
2096,17,Writer
2096,48,Penciler
2097,208,Writer
2097,195,Penciler
2098,194,Writer
2098,283,Penciler
2099,244,Writer
2099,29,Penciler
2100,327,Writer
2100,5,Penciler
2101,360,Writer
2101,88,Penciler
2102,43,Writer
2102,256,Penciler
2103,433,Writer
2103,223,Penciler
2104,331,Writer
2104,402,Penciler
2105,170,Writer
2105,290,Penciler
2106,440,Writer
2106,499,Penciler
2107,49,Writer
2107,459,Penciler
2108,271,Writer
2108,471,Penciler
2109,22,Writer
2109,118,Penciler
2110,109,Writer
2110,462,Penciler
2111,445,Writer
2111,355,Penciler
2112,455,Writer
2112,291,Penciler
2113,244,Writer
2113,139,Penciler
2114,24,Writer
2114,474,Penciler
2115,39,Writer
2115,351,Penciler
2116,474,Writer
2116,144,Penciler
2117,461,Writer
2117,279,Penciler
2118,289,Writer
2118,337,Penciler
2119,17,Writer
2119,92,Penciler
2120,476,Writer
2120,436,Penciler
2121,162,Writer
2121,9,Penciler
2122,493,Writer
2122,107,Penciler
2123,301,Writer
2123,74,Penciler
2124,386,Writer
2124,421,Penciler
2125,365,Writer
2125,421,Penciler
2126,204,Writer
2126,476,Penciler
2127,40,Writer
2127,154,Penciler
2128,84,Writer
2128,289,Penciler
2129,124,Writer
2129,291,Penciler
2130,428,Writer
2130,435,Penciler
2131,200,Writer
2131,347,Penciler
2132,460,Writer
2132,277,Penciler
2133,170,Writer
2133,197,Penciler
2134,387,Writer
2134,379,Penciler
2135,72,Writer
2135,405,Penciler
2136,353,Writer
2136,371,Penciler
2137,41,Writer
2137,257,Penciler
2138,382,Writer
2138,499,Penciler
2139,178,Writer
2139,28,Penciler
2140,51,Writer
2140,224,Penciler
2141,119,Writer
2141,430,Penciler
2142,39,Writer
2142,175,Penciler
2143,310,Writer
2143,394,Penciler
2144,315,Writer
2144,489,Penciler
2145,305,Writer
2145,204,Penciler
2146,497,Writer
2146,397,Penciler
2147,168,Writer
2147,16,Penciler
2148,325,Writer
2148,140,Penciler
2149,402,Writer
2149,231,Penciler
2150,252,Writer
2150,117,Penciler
2151,183,Writer
2151,284,Penciler
2152,482,Writer
2152,193,Penciler
2153,222,Writer
2153,96,Penciler
2154,349,Writer
2154,300,Penciler
2155,339,Writer
2155,195,Penciler
2156,44,Writer
2156,396,Penciler
2157,317,Writer
2157,152,Penciler
2158,409,Writer
2158,127,Penciler
2159,366,Writer
2159,38,Penciler
2160,43,Writer
2160,138,Penciler
2161,79,Writer
2161,195,Penciler
2162,365,Writer
2162,402,Penciler
2163,325,Writer
2163,79,Penciler
2164,379,Writer
2164,200,Penciler
2165,163,Writer
2165,185,Penciler
2166,55,Writer
2166,47,Penciler
2167,3,Writer
2167,483,Penciler
2168,158,Writer
2168,228,Penciler
2169,185,Writer
2169,390,Penciler
2170,139,Writer
2170,53,Penciler
2171,68,Writer
2171,45,Penciler
2172,96,Writer
2172,221,Penciler
2173,230,Writer
2173,286,Penciler
2174,285,Writer
2174,263,Penciler
2175,209,Writer
2175,53,Penciler
2176,14,Writer
2176,46,Penciler
2177,182,Writer
2177,284,Penciler
2178,48,Writer
2178,306,Penciler
2179,307,Writer
2179,402,Penciler
2180,167,Writer
2180,443,Penciler
2181,198,Writer
2181,7,Penciler
2182,150,Writer
2182,212,Penciler
2183,199,Writer
2183,399,Penciler
2184,44,Writer
2184,372,Penciler
2185,462,Writer
2185,287,Penciler
2186,464,Writer
2186,125,Penciler
2187,293,Writer
2187,267,Penciler
2188,87,Writer
2188,351,Penciler
2189,195,Writer
2189,87,Penciler
2190,72,Writer
2190,138,Penciler
2191,155,Writer
2191,138,Penciler
2192,253,Writer
2192,75,Penciler
2193,33,Writer
2193,86,Penciler
2194,223,Writer
2194,142,Penciler
2195,216,Writer
2195,154,Penciler
2196,248,Writer
2196,401,Penciler
2197,40,Writer
2197,185,Penciler
2198,129,Writer
2198,484,Penciler
2199,127,Writer
2199,370,Penciler
2200,321,Writer
2200,254,Penciler
2201,305,Writer
2201,316,Penciler
2202,101,Writer
2202,235,Penciler
2203,55,Writer
2203,70,Penciler
2204,156,Writer
2204,4,Penciler
2205,486,Writer
2205,203,Penciler
2206,171,Writer
2206,431,Penciler
2207,318,Writer
2207,195,Penciler
2208,412,Writer
2208,442,Penciler
2209,169,Writer
2209,226,Penciler
2210,172,Writer
2210,221,Penciler
2211,418,Writer
2211,422,Penciler
2212,441,Writer
2212,334,Penciler
2213,499,Writer
2213,305,Penciler
2214,70,Writer
2214,154,Penciler
2215,165,Writer
2215,309,Penciler
2216,486,Writer
2216,356,Penciler
2217,103,Writer
2217,246,Penciler
2218,161,Writer
2218,91,Penciler
2219,494,Writer
2219,204,Penciler
2220,496,Writer
2220,164,Penciler
2221,150,Writer
2221,377,Penciler
2222,356,Writer
2222,325,Penciler
2223,252,Writer
2223,496,Penciler
2224,295,Writer
2224,401,Penciler
2225,125,Writer
2225,167,Penciler
2226,193,Writer
2226,144,Penciler
2227,419,Writer
2227,403,Penciler
2228,202,Writer
2228,187,Penciler
2229,59,Writer
2229,478,Penciler
2230,289,Writer
2230,103,Penciler
2231,304,Writer
2231,280,Penciler
2232,93,Writer
2232,350,Penciler
2233,394,Writer
2233,282,Penciler
2234,14,Writer
2234,488,Penciler
2235,373,Writer
2235,237,Penciler
2236,483,Writer
2236,363,Penciler
2237,108,Writer
2237,225,Penciler
2238,409,Writer
2238,150,Penciler
2239,426,Writer
2239,355,Penciler
2240,36,Writer
2240,420,Penciler
2241,435,Writer
2241,408,Penciler
2242,408,Writer
2242,210,Penciler
2243,345,Writer
2243,256,Penciler
2244,72,Writer
2244,325,Penciler
2245,156,Writer
2245,124,Penciler
2246,130,Writer
2246,338,Penciler
2247,79,Writer
2247,367,Penciler
2248,217,Writer
2248,405,Penciler
2249,194,Writer
2249,38,Penciler
2250,230,Writer
2250,307,Penciler
2251,246,Writer
2251,299,Penciler
2252,206,Writer
2252,274,Penciler
2253,260,Writer
2253,473,Penciler
2254,472,Writer
2254,446,Penciler
2255,355,Writer
2255,215,Penciler
2256,279,Writer
2256,19,Penciler
2257,405,Writer
2257,496,Penciler
2258,185,Writer
2258,360,Penciler
2259,459,Writer
2259,416,Penciler
2260,275,Writer
2260,305,Penciler
2261,327,Writer
2261,469,Penciler
2262,44,Writer
2262,56,Penciler
2263,394,Writer
2263,128,Penciler
2264,337,Writer
2264,341,Penciler
2265,182,Writer
2265,86,Penciler
2266,332,Writer
2266,314,Penciler
2267,23,Writer
2267,289,Penciler
2268,331,Writer
2268,347,Penciler
2269,332,Writer
2269,205,Penciler
2270,496,Writer
2270,386,Penciler
2271,170,Writer
2271,495,Penciler
2272,408,Writer
2272,221,Penciler
2273,55,Writer
2273,6,Penciler
2274,51,Writer
2274,133,Penciler
2275,114,Writer
2275,262,Penciler
2276,383,Writer
2276,266,Penciler
2277,286,Writer
2277,298,Penciler
2278,353,Writer
2278,295,Penciler
2279,114,Writer
2279,229,Penciler
2280,192,Writer
2280,201,Penciler
2281,238,Writer
2281,396,Penciler
2282,348,Writer
2282,302,Penciler
2283,354,Writer
2283,257,Penciler
2284,78,Writer
2284,177,Penciler
2285,13,Writer
2285,248,Penciler
2286,54,Writer
2286,152,Penciler
2287,213,Writer
2287,472,Penciler
2288,493,Writer
2288,44,Penciler
2289,60,Writer
2289,426,Penciler
2290,482,Writer
2290,374,Penciler
2291,73,Writer
2291,179,Penciler
2292,160,Writer
2292,176,Penciler
2293,234,Writer
2293,402,Penciler
2294,106,Writer
2294,267,Penciler
2295,248,Writer
2295,179,Penciler
2296,244,Writer
2296,50,Penciler
2297,225,Writer
2297,370,Penciler
2298,357,Writer
2298,232,Penciler
2299,164,Writer
2299,35,Penciler
2300,154,Writer
2300,23,Penciler
2301,415,Writer
2301,364,Penciler
2302,59,Writer
2302,12,Penciler
2303,435,Writer
2303,176,Penciler
2304,332,Writer
2304,56,Penciler
2305,347,Writer
2305,410,Penciler
2306,85,Writer
2306,477,Penciler
2307,380,Writer
2307,125,Penciler
2308,265,Writer
2308,90,Penciler
2309,283,Writer
2309,82,Penciler
2310,170,Writer
2310,287,Penciler
2311,219,Writer
2311,491,Penciler
2312,237,Writer
2312,119,Penciler
2313,409,Writer
2313,208,Penciler
2314,323,Writer
2314,95,Penciler
2315,96,Writer
2315,328,Penciler
2316,337,Writer
2316,222,Penciler
2317,203,Writer
2317,15,Penciler
2318,378,Writer
2318,315,Penciler
2319,453,Writer
2319,102,Penciler
2320,231,Writer
2320,304,Penciler
2321,220,Writer
2321,200,Penciler
2322,3,Writer
2322,361,Penciler
2323,110,Writer
2323,106,Penciler
2324,143,Writer
2324,386,Penciler
2325,361,Writer
2325,415,Penciler
2326,408,Writer
2326,33,Penciler
2327,296,Writer
2327,53,Penciler
2328,410,Writer
2328,447,Penciler
2329,275,Writer
2329,96,Penciler
2330,188,Writer
2330,167,Penciler
2331,101,Writer
2331,235,Penciler
2332,59,Writer
2332,135,Penciler
2333,344,Writer
2333,442,Penciler
2334,251,Writer
2334,271,Penciler
2335,495,Writer
2335,328,Penciler
2336,161,Writer
2336,306,Penciler
2337,199,Writer
2337,313,Penciler
2338,201,Writer
2338,301,Penciler
2339,59,Writer
2339,179,Penciler
2340,181,Writer
2340,433,Penciler
2341,235,Writer
2341,317,Penciler
2342,89,Writer
2342,417,Penciler
2343,345,Writer
2343,362,Penciler
2344,410,Writer
2344,153,Penciler
2345,471,Writer
2345,315,Penciler
2346,303,Writer
2346,44,Penciler
2347,345,Writer
2347,69,Penciler
2348,161,Writer
2348,61,Penciler
2349,123,Writer
2349,157,Penciler
2350,60,Writer
2350,94,Penciler
2351,192,Writer
2351,356,Penciler
2352,73,Writer
2352,262,Penciler
2353,199,Writer
2353,215,Penciler
2354,306,Writer
2354,71,Penciler
2355,295,Writer
2355,197,Penciler
2356,217,Writer
2356,96,Penciler
2357,250,Writer
2357,326,Penciler
2358,276,Writer
2358,356,Penciler
2359,471,Writer
2359,331,Penciler
2360,477,Writer
2360,89,Penciler
2361,285,Writer
2361,86,Penciler
2362,251,Writer
2362,148,Penciler
2363,72,Writer
2363,96,Penciler
2364,162,Writer
2364,432,Penciler
2365,231,Writer
2365,318,Penciler
2366,28,Writer
2366,444,Penciler
2367,184,Writer
2367,488,Penciler
2368,5,Writer
2368,249,Penciler
2369,70,Writer
2369,100,Penciler
2370,418,Writer
2370,197,Penciler
2371,494,Writer
2371,288,Penciler
2372,259,Writer
2372,335,Penciler
2373,254,Writer
2373,210,Penciler
2374,351,Writer
2374,252,Penciler
2375,213,Writer
2375,364,Penciler
2376,431,Writer
2376,228,Penciler
2377,251,Writer
2377,86,Penciler
2378,43,Writer
2378,290,Penciler
2379,16,Writer
2379,408,Penciler
2380,390,Writer
2380,113,Penciler
2381,150,Writer
2381,17,Penciler
2382,141,Writer
2382,116,Penciler
2383,276,Writer
2383,148,Penciler
2384,87,Writer
2384,400,Penciler
2385,235,Writer
2385,290,Penciler
2386,381,Writer
2386,396,Penciler
2387,393,Writer
2387,254,Penciler
2388,282,Writer
2388,262,Penciler
2389,58,Writer
2389,294,Penciler
2390,59,Writer
2390,138,Penciler
2391,397,Writer
2391,279,Penciler
2392,422,Writer
2392,188,Penciler
2393,278,Writer
2393,422,Penciler
2394,388,Writer
2394,22,Penciler
2395,390,Writer
2395,369,Penciler
2396,226,Writer
2396,280,Penciler
2397,112,Writer
2397,218,Penciler
2398,53,Writer
2398,377,Penciler
2399,425,Writer
2399,335,Penciler
2400,385,Writer
2400,127,Penciler
2401,153,Writer
2401,448,Penciler
2402,17,Writer
2402,231,Penciler
2403,135,Writer
2403,179,Penciler
2404,442,Writer
2404,419,Penciler
2405,45,Writer
2405,225,Penciler
2406,444,Writer
2406,61,Penciler
2407,398,Writer
2407,416,Penciler
2408,122,Writer
2408,108,Penciler
2409,416,Writer
2409,378,Penciler
2410,302,Writer
2410,353,Penciler
2411,180,Writer
2411,441,Penciler
2412,364,Writer
2412,313,Penciler
2413,324,Writer
2413,220,Penciler
2414,85,Writer
2414,316,Penciler
2415,72,Writer
2415,402,Penciler
2416,106,Writer
2416,417,Penciler
2417,106,Writer
2417,413,Penciler
2418,31,Writer
2418,292,Penciler
2419,180,Writer
2419,273,Penciler
2420,144,Writer
2420,306,Penciler
2421,276,Writer
2421,87,Penciler
2422,166,Writer
2422,361,Penciler
2423,150,Writer
2423,149,Penciler
2424,294,Writer
2424,137,Penciler
2425,488,Writer
2425,440,Penciler
2426,264,Writer
2426,461,Penciler
2427,348,Writer
2427,418,Penciler
2428,49,Writer
2428,70,Penciler
2429,493,Writer
2429,385,Penciler
2430,403,Writer
2430,211,Penciler
2431,471,Writer
2431,31,Penciler
2432,142,Writer
2432,444,Penciler
2433,336,Writer
2433,65,Penciler
2434,360,Writer
2434,444,Penciler
2435,68,Writer
2435,128,Penciler
2436,75,Writer
2436,365,Penciler
2437,165,Writer
2437,425,Penciler
2438,127,Writer
2438,390,Penciler
2439,432,Writer
2439,347,Penciler
2440,202,Writer
2440,251,Penciler
2441,73,Writer
2441,296,Penciler
2442,324,Writer
2442,138,Penciler
2443,322,Writer
2443,213,Penciler
2444,193,Writer
2444,232,Penciler
2445,39,Writer
2445,325,Penciler
2446,407,Writer
2446,451,Penciler
2447,394,Writer
2447,48,Penciler
2448,207,Writer
2448,264,Penciler
2449,384,Writer
2449,143,Penciler
2450,356,Writer
2450,480,Penciler
2451,450,Writer
2451,189,Penciler
2452,233,Writer
2452,487,Penciler
2453,250,Writer
2453,168,Penciler
2454,298,Writer
2454,2,Penciler
2455,445,Writer
2455,397,Penciler
2456,434,Writer
2456,376,Penciler
2457,48,Writer
2457,375,Penciler
2458,498,Writer
2458,235,Penciler
2459,326,Writer
2459,341,Penciler
2460,358,Writer
2460,184,Penciler
2461,436,Writer
2461,33,Penciler
2462,408,Writer
2462,274,Penciler
2463,204,Writer
2463,112,Penciler
2464,496,Writer
2464,220,Penciler
2465,423,Writer
2465,109,Penciler
2466,254,Writer
2466,138,Penciler
2467,166,Writer
2467,425,Penciler
2468,146,Writer
2468,173,Penciler
2469,281,Writer
2469,296,Penciler
2470,67,Writer
2470,290,Penciler
2471,437,Writer
2471,249,Penciler
2472,404,Writer
2472,176,Penciler
2473,458,Writer
2473,350,Penciler
2474,391,Writer
2474,25,Penciler
2475,24,Writer
2475,51,Penciler
2476,321,Writer
2476,402,Penciler
2477,429,Writer
2477,236,Penciler
2478,9,Writer
2478,64,Penciler
2479,476,Writer
2479,440,Penciler
2480,81,Writer
2480,226,Penciler
2481,234,Writer
2481,1,Penciler
2482,491,Writer
2482,220,Penciler
2483,104,Writer
2483,353,Penciler
2484,466,Writer
2484,68,Penciler
2485,452,Writer
2485,333,Penciler
2486,155,Writer
2486,82,Penciler
2487,448,Writer
2487,478,Penciler
2488,449,Writer
2488,141,Penciler
2489,48,Writer
2489,336,Penciler
2490,185,Writer
2490,129,Penciler
2491,43,Writer
2491,191,Penciler
2492,341,Writer
2492,463,Penciler
2493,333,Writer
2493,85,Penciler
2494,27,Writer
2494,203,Penciler
2495,321,Writer
2495,157,Penciler
2496,372,Writer
2496,359,Penciler
2497,387,Writer
2497,120,Penciler
2498,220,Writer
2498,336,Penciler
2499,47,Writer
2499,361,Penciler
2500,49,Writer
2500,1,Penciler
2501,110,Writer
2501,245,Penciler
2502,40,Writer
2502,68,Penciler
2503,304,Writer
2503,116,Penciler
2504,266,Writer
2504,349,Penciler
2505,228,Writer
2505,5,Penciler
2506,5,Writer
2506,357,Penciler
2507,176,Writer
2507,419,Penciler
2508,62,Writer
2508,441,Penciler
2509,217,Writer
2509,356,Penciler
2510,68,Writer
2510,245,Penciler
2511,37,Writer
2511,118,Penciler
2512,197,Writer
2512,46,Penciler
2513,375,Writer
2513,413,Penciler
2514,53,Writer
2514,53,Penciler
2515,161,Writer
2515,189,Penciler
2516,452,Writer
2516,154,Penciler
2517,71,Writer
2517,196,Penciler
2518,397,Writer
2518,417,Penciler
2519,386,Writer
2519,448,Penciler
2520,69,Writer
2520,329,Penciler
2521,347,Writer
2521,74,Penciler
2522,36,Writer
2522,272,Penciler
2523,289,Writer
2523,5,Penciler
2524,313,Writer
2524,333,Penciler
2525,85,Writer
2525,226,Penciler
2526,180,Writer
2526,370,Penciler
2527,110,Writer
2527,322,Penciler
2528,384,Writer
2528,78,Penciler
2529,471,Writer
2529,211,Penciler
2530,316,Writer
2530,352,Penciler
2531,227,Writer
2531,441,Penciler
2532,112,Writer
2532,45,Penciler
2533,460,Writer
2533,52,Penciler
2534,72,Writer
2534,386,Penciler
2535,64,Writer
2535,302,Penciler
2536,374,Writer
2536,197,Penciler
2537,180,Writer
2537,494,Penciler
2538,220,Writer
2538,162,Penciler
2539,406,Writer
2539,72,Penciler
2540,127,Writer
2540,142,Penciler
2541,331,Writer
2541,44,Penciler
2542,128,Writer
2542,284,Penciler
2543,308,Writer
2543,308,Penciler
2544,370,Writer
2544,312,Penciler
2545,146,Writer
2545,399,Penciler
2546,482,Writer
2546,354,Penciler
2547,14,Writer
2547,435,Penciler
2548,434,Writer
2548,338,Penciler
2549,449,Writer
2549,155,Penciler
2550,106,Writer
2550,266,Penciler
2551,311,Writer
2551,261,Penciler
2552,97,Writer
2552,383,Penciler
2553,201,Writer
2553,152,Penciler
2554,331,Writer
2554,28,Penciler
2555,402,Writer
2555,460,Penciler
2556,407,Writer
2556,489,Penciler
2557,123,Writer
2557,254,Penciler
2558,198,Writer
2558,58,Penciler
2559,124,Writer
2559,256,Penciler
2560,327,Writer
2560,305,Penciler
2561,37,Writer
2561,271,Penciler
2562,456,Writer
2562,7,Penciler
2563,185,Writer
2563,479,Penciler
2564,163,Writer
2564,68,Penciler
2565,199,Writer
2565,441,Penciler
2566,430,Writer
2566,292,Penciler
2567,216,Writer
2567,188,Penciler
2568,280,Writer
2568,350,Penciler
2569,89,Writer
2569,391,Penciler
2570,242,Writer
2570,489,Penciler
2571,395,Writer
2571,38,Penciler
2572,9,Writer
2572,301,Penciler
2573,35,Writer
2573,8,Penciler
2574,135,Writer
2574,111,Penciler
2575,21,Writer
2575,473,Penciler
2576,31,Writer
2576,486,Penciler
2577,405,Writer
2577,204,Penciler
2578,260,Writer
2578,147,Penciler
2579,322,Writer
2579,365,Penciler
2580,257,Writer
2580,393,Penciler
2581,213,Writer
2581,217,Penciler
2582,360,Writer
2582,206,Penciler
2583,43,Writer
2583,328,Penciler
2584,275,Writer
2584,276,Penciler
2585,316,Writer
2585,79,Penciler
2586,143,Writer
2586,43,Penciler
2587,159,Writer
2587,41,Penciler
2588,262,Writer
2588,472,Penciler
2589,105,Writer
2589,499,Penciler
2590,414,Writer
2590,80,Penciler
2591,275,Writer
2591,168,Penciler
2592,201,Writer
2592,301,Penciler
2593,325,Writer
2593,391,Penciler
2594,428,Writer
2594,333,Penciler
2595,349,Writer
2595,330,Penciler
2596,34,Writer
2596,159,Penciler
2597,358,Writer
2597,224,Penciler
2598,374,Writer
2598,489,Penciler
2599,434,Writer
2599,123,Penciler
2600,30,Writer
2600,126,Penciler
2601,45,Writer
2601,474,Penciler
2602,223,Writer
2602,60,Penciler
2603,233,Writer
2603,314,Penciler
2604,312,Writer
2604,29,Penciler
2605,159,Writer
2605,342,Penciler
2606,380,Writer
2606,337,Penciler
2607,380,Writer
2607,90,Penciler
2608,62,Writer
2608,7,Penciler
2609,363,Writer
2609,71,Penciler
2610,360,Writer
2610,6,Penciler
2611,84,Writer
2611,255,Penciler
2612,488,Writer
2612,178,Penciler
2613,268,Writer
2613,265,Penciler
2614,401,Writer
2614,422,Penciler
2615,370,Writer
2615,133,Penciler
2616,86,Writer
2616,191,Penciler
2617,65,Writer
2617,384,Penciler
2618,400,Writer
2618,448,Penciler
2619,138,Writer
2619,376,Penciler
2620,454,Writer
2620,61,Penciler
2621,395,Writer
2621,461,Penciler
2622,16,Writer
2622,172,Penciler
2623,414,Writer
2623,220,Penciler
2624,140,Writer
2624,269,Penciler
2625,33,Writer
2625,135,Penciler
2626,365,Writer
2626,500,Penciler
2627,296,Writer
2627,322,Penciler
2628,40,Writer
2628,255,Penciler
2629,234,Writer
2629,262,Penciler
2630,185,Writer
2630,29,Penciler
2631,256,Writer
2631,440,Penciler
2632,291,Writer
2632,86,Penciler
2633,189,Writer
2633,81,Penciler
2634,131,Writer
2634,396,Penciler
2635,53,Writer
2635,458,Penciler
2636,294,Writer
2636,346,Penciler
2637,371,Writer
2637,60,Penciler
2638,117,Writer
2638,380,Penciler
2639,261,Writer
2639,2,Penciler
2640,23,Writer
2640,440,Penciler
2641,442,Writer
2641,7,Penciler
2642,126,Writer
2642,24,Penciler
2643,242,Writer
2643,187,Penciler
2644,197,Writer
2644,472,Penciler
2645,77,Writer
2645,92,Penciler
2646,477,Writer
2646,492,Penciler
2647,440,Writer
2647,19,Penciler
2648,284,Writer
2648,412,Penciler
2649,468,Writer
2649,366,Penciler
2650,380,Writer
2650,336,Penciler
2651,215,Writer
2651,115,Penciler
2652,165,Writer
2652,128,Penciler
2653,214,Writer
2653,469,Penciler
2654,369,Writer
2654,164,Penciler
2655,139,Writer
2655,423,Penciler
2656,40,Writer
2656,293,Penciler
2657,191,Writer
2657,62,Penciler
2658,258,Writer
2658,345,Penciler
2659,462,Writer
2659,27,Penciler
2660,92,Writer
2660,115,Penciler
2661,412,Writer
2661,265,Penciler
2662,24,Writer
2662,489,Penciler
2663,206,Writer
2663,36,Penciler
2664,450,Writer
2664,239,Penciler
2665,444,Writer
2665,145,Penciler
2666,397,Writer
2666,433,Penciler
2667,160,Writer
2667,168,Penciler
2668,45,Writer
2668,284,Penciler
2669,234,Writer
2669,5,Penciler
2670,189,Writer
2670,103,Penciler
2671,150,Writer
2671,289,Penciler
2672,402,Writer
2672,156,Penciler
2673,379,Writer
2673,319,Penciler
2674,125,Writer
2674,238,Penciler
2675,189,Writer
2675,303,Penciler
2676,498,Writer
2676,253,Penciler
2677,396,Writer
2677,398,Penciler
2678,101,Writer
2678,376,Penciler
2679,462,Writer
2679,280,Penciler
2680,390,Writer
2680,408,Penciler
2681,126,Writer
2681,78,Penciler
2682,4,Writer
2682,478,Penciler
2683,210,Writer
2683,13,Penciler
2684,120,Writer
2684,278,Penciler
2685,178,Writer
2685,326,Penciler
2686,430,Writer
2686,356,Penciler
2687,450,Writer
2687,5,Penciler
2688,487,Writer
2688,172,Penciler
2689,1,Writer
2689,389,Penciler
2690,337,Writer
2690,193,Penciler
2691,435,Writer
2691,378,Penciler
2692,373,Writer
2692,158,Penciler
2693,54,Writer
2693,106,Penciler
2694,272,Writer
2694,122,Penciler
2695,215,Writer
2695,252,Penciler
2696,493,Writer
2696,31,Penciler
2697,498,Writer
2697,73,Penciler
2698,365,Writer
2698,144,Penciler
2699,48,Writer
2699,23,Penciler
2700,472,Writer
2700,119,Penciler
2701,460,Writer
2701,433,Penciler
2702,267,Writer
2702,212,Penciler
2703,359,Writer
2703,459,Penciler
2704,191,Writer
2704,235,Penciler
2705,499,Writer
2705,383,Penciler
2706,44,Writer
2706,298,Penciler
2707,49,Writer
2707,259,Penciler
2708,69,Writer
2708,327,Penciler
2709,420,Writer
2709,202,Penciler
2710,39,Writer
2710,304,Penciler
2711,291,Writer
2711,32,Penciler
2712,223,Writer
2712,340,Penciler
2713,494,Writer
2713,67,Penciler
2714,122,Writer
2714,150,Penciler
2715,134,Writer
2715,436,Penciler
2716,162,Writer
2716,475,Penciler
2717,411,Writer
2717,202,Penciler
2718,359,Writer
2718,426,Penciler
2719,377,Writer
2719,168,Penciler
2720,163,Writer
2720,232,Penciler
2721,140,Writer
2721,120,Penciler
2722,39,Writer
2722,484,Penciler
2723,104,Writer
2723,70,Penciler
2724,400,Writer
2724,395,Penciler
2725,300,Writer
2725,56,Penciler
2726,80,Writer
2726,55,Penciler
2727,85,Writer
2727,231,Penciler
2728,239,Writer
2728,161,Penciler
2729,209,Writer
2729,62,Penciler
2730,275,Writer
2730,184,Penciler
2731,494,Writer
2731,395,Penciler
2732,107,Writer
2732,232,Penciler
2733,158,Writer
2733,238,Penciler
2734,136,Writer
2734,437,Penciler
2735,62,Writer
2735,47,Penciler
2736,81,Writer
2736,414,Penciler
2737,352,Writer
2737,156,Penciler
2738,424,Writer
2738,361,Penciler
2739,357,Writer
2739,309,Penciler
2740,21,Writer
2740,111,Penciler
2741,428,Writer
2741,439,Penciler
2742,168,Writer
2742,76,Penciler
2743,47,Writer
2743,365,Penciler
2744,128,Writer
2744,496,Penciler
2745,183,Writer
2745,203,Penciler
2746,263,Writer
2746,26,Penciler
2747,347,Writer
2747,154,Penciler
2748,134,Writer
2748,420,Penciler
2749,90,Writer
2749,16,Penciler
2750,488,Writer
2750,208,Penciler
2751,438,Writer
2751,232,Penciler
2752,285,Writer
2752,384,Penciler
2753,282,Writer
2753,128,Penciler
2754,49,Writer
2754,237,Penciler
2755,53,Writer
2755,412,Penciler
2756,407,Writer
2756,72,Penciler
2757,63,Writer
2757,7,Penciler
2758,32,Writer
2758,426,Penciler
2759,400,Writer
2759,114,Penciler
2760,67,Writer
2760,102,Penciler
2761,422,Writer
2761,206,Penciler
2762,191,Writer
2762,352,Penciler
2763,323,Writer
2763,481,Penciler
2764,331,Writer
2764,44,Penciler
2765,299,Writer
2765,301,Penciler
2766,133,Writer
2766,470,Penciler
2767,417,Writer
2767,39,Penciler
2768,12,Writer
2768,34,Penciler
2769,102,Writer
2769,463,Penciler
2770,331,Writer
2770,228,Penciler
2771,415,Writer
2771,66,Penciler
2772,48,Writer
2772,464,Penciler
2773,434,Writer
2773,425,Penciler
2774,415,Writer
2774,170,Penciler
2775,63,Writer
2775,22,Penciler
2776,483,Writer
2776,237,Penciler
2777,26,Writer
2777,87,Penciler
2778,474,Writer
2778,294,Penciler
2779,222,Writer
2779,421,Penciler
2780,371,Writer
2780,203,Penciler
2781,255,Writer
2781,16,Penciler
2782,196,Writer
2782,350,Penciler
2783,219,Writer
2783,89,Penciler
2784,182,Writer
2784,110,Penciler
2785,466,Writer
2785,96,Penciler
2786,141,Writer
2786,144,Penciler
2787,229,Writer
2787,453,Penciler
2788,77,Writer
2788,18,Penciler
2789,315,Writer
2789,318,Penciler
2790,316,Writer
2790,126,Penciler
2791,332,Writer
2791,152,Penciler
2792,256,Writer
2792,211,Penciler
2793,452,Writer
2793,282,Penciler
2794,246,Writer
2794,32,Penciler
2795,45,Writer
2795,144,Penciler
2796,197,Writer
2796,71,Penciler
2797,215,Writer
2797,103,Penciler
2798,330,Writer
2798,453,Penciler
2799,409,Writer
2799,270,Penciler
2800,128,Writer
2800,323,Penciler
2801,411,Writer
2801,279,Penciler
2802,407,Writer
2802,10,Penciler
2803,196,Writer
2803,401,Penciler
2804,366,Writer
2804,184,Penciler
2805,246,Writer
2805,279,Penciler
2806,401,Writer
2806,249,Penciler
2807,177,Writer
2807,468,Penciler
2808,290,Writer
2808,258,Penciler
2809,165,Writer
2809,199,Penciler
2810,139,Writer
2810,93,Penciler
2811,14,Writer
2811,164,Penciler
2812,306,Writer
2812,113,Penciler
2813,16,Writer
2813,459,Penciler
2814,416,Writer
2814,399,Penciler
2815,144,Writer
2815,30,Penciler
2816,415,Writer
2816,242,Penciler
2817,272,Writer
2817,184,Penciler
2818,393,Writer
2818,300,Penciler
2819,120,Writer
2819,499,Penciler
2820,82,Writer
2820,52,Penciler
2821,127,Writer
2821,337,Penciler
2822,124,Writer
2822,137,Penciler
2823,274,Writer
2823,418,Penciler
2824,406,Writer
2824,470,Penciler
2825,378,Writer
2825,29,Penciler
2826,392,Writer
2826,486,Penciler
2827,113,Writer
2827,295,Penciler
2828,434,Writer
2828,409,Penciler
2829,199,Writer
2829,182,Penciler
2830,479,Writer
2830,430,Penciler
2831,433,Writer
2831,89,Penciler
2832,91,Writer
2832,122,Penciler
2833,304,Writer
2833,163,Penciler
2834,413,Writer
2834,378,Penciler
2835,358,Writer
2835,184,Penciler
2836,468,Writer
2836,303,Penciler
2837,15,Writer
2837,361,Penciler
2838,359,Writer
2838,181,Penciler
2839,486,Writer
2839,291,Penciler
2840,289,Writer
2840,73,Penciler
2841,289,Writer
2841,486,Penciler
2842,97,Writer
2842,429,Penciler
2843,415,Writer
2843,452,Penciler
2844,497,Writer
2844,253,Penciler
2845,278,Writer
2845,159,Penciler
2846,90,Writer
2846,252,Penciler
2847,20,Writer
2847,47,Penciler
2848,29,Writer
2848,120,Penciler
2849,309,Writer
2849,113,Penciler
2850,11,Writer
2850,270,Penciler
2851,245,Writer
2851,1,Penciler
2852,170,Writer
2852,470,Penciler
2853,315,Writer
2853,104,Penciler
2854,413,Writer
2854,67,Penciler
2855,175,Writer
2855,368,Penciler
2856,91,Writer
2856,471,Penciler
2857,411,Writer
2857,433,Penciler
2858,445,Writer
2858,166,Penciler
2859,31,Writer
2859,12,Penciler
2860,76,Writer
2860,301,Penciler
2861,361,Writer
2861,470,Penciler
2862,73,Writer
2862,397,Penciler
2863,57,Writer
2863,434,Penciler
2864,270,Writer
2864,441,Penciler
2865,187,Writer
2865,492,Penciler
2866,38,Writer
2866,192,Penciler
2867,361,Writer
2867,483,Penciler
2868,340,Writer
2868,203,Penciler
2869,301,Writer
2869,52,Penciler
2870,173,Writer
2870,155,Penciler
2871,166,Writer
2871,70,Penciler
2872,500,Writer
2872,81,Penciler
2873,375,Writer
2873,486,Penciler
2874,224,Writer
2874,406,Penciler
2875,328,Writer
2875,492,Penciler
2876,250,Writer
2876,333,Penciler
2877,163,Writer
2877,90,Penciler
2878,363,Writer
2878,496,Penciler
2879,288,Writer
2879,356,Penciler
2880,456,Writer
2880,476,Penciler
2881,315,Writer
2881,403,Penciler
2882,183,Writer
2882,115,Penciler
2883,341,Writer
2883,302,Penciler
2884,418,Writer
2884,90,Penciler
2885,194,Writer
2885,158,Penciler
2886,376,Writer
2886,353,Penciler
2887,151,Writer
2887,66,Penciler
2888,91,Writer
2888,374,Penciler
2889,1,Writer
2889,486,Penciler
2890,360,Writer
2890,486,Penciler
2891,294,Writer
2891,201,Penciler
2892,436,Writer
2892,395,Penciler
2893,495,Writer
2893,291,Penciler
2894,17,Writer
2894,94,Penciler
2895,309,Writer
2895,163,Penciler
2896,472,Writer
2896,415,Penciler
2897,496,Writer
2897,314,Penciler
2898,114,Writer
2898,328,Penciler
2899,290,Writer
2899,54,Penciler
2900,480,Writer
2900,255,Penciler
2901,73,Writer
2901,170,Penciler
2902,382,Writer
2902,40,Penciler
2903,122,Writer
2903,178,Penciler
2904,164,Writer
2904,86,Penciler
2905,326,Writer
2905,454,Penciler
2906,494,Writer
2906,46,Penciler
2907,421,Writer
2907,363,Penciler
2908,344,Writer
2908,328,Penciler
2909,374,Writer
2909,454,Penciler
2910,172,Writer
2910,229,Penciler
2911,6,Writer
2911,136,Penciler
2912,108,Writer
2912,128,Penciler
2913,355,Writer
2913,35,Penciler
2914,180,Writer
2914,132,Penciler
2915,403,Writer
2915,56,Penciler
2916,369,Writer
2916,1,Penciler
2917,25,Writer
2917,198,Penciler
2918,225,Writer
2918,376,Penciler
2919,215,Writer
2919,497,Penciler
2920,86,Writer
2920,453,Penciler
2921,212,Writer
2921,253,Penciler
2922,452,Writer
2922,194,Penciler
2923,180,Writer
2923,280,Penciler
2924,193,Writer
2924,52,Penciler
2925,425,Writer
2925,246,Penciler
2926,404,Writer
2926,443,Penciler
2927,296,Writer
2927,334,Penciler
2928,389,Writer
2928,352,Penciler
2929,116,Writer
2929,84,Penciler
2930,232,Writer
2930,38,Penciler
2931,410,Writer
2931,434,Penciler
2932,18,Writer
2932,151,Penciler
2933,11,Writer
2933,164,Penciler
2934,134,Writer
2934,488,Penciler
2935,54,Writer
2935,38,Penciler
2936,176,Writer
2936,88,Penciler
2937,455,Writer
2937,193,Penciler
2938,83,Writer
2938,375,Penciler
2939,39,Writer
2939,281,Penciler
2940,483,Writer
2940,460,Penciler
2941,48,Writer
2941,174,Penciler
2942,305,Writer
2942,315,Penciler
2943,458,Writer
2943,248,Penciler
2944,361,Writer
2944,16,Penciler
2945,221,Writer
2945,483,Penciler
2946,335,Writer
2946,85,Penciler
2947,311,Writer
2947,456,Penciler
2948,223,Writer
2948,81,Penciler
2949,28,Writer
2949,52,Penciler
2950,170,Writer
2950,106,Penciler
2951,499,Writer
2951,98,Penciler
2952,210,Writer
2952,357,Penciler
2953,284,Writer
2953,370,Penciler
2954,474,Writer
2954,374,Penciler
2955,277,Writer
2955,136,Penciler
2956,339,Writer
2956,145,Penciler
2957,153,Writer
2957,122,Penciler
2958,50,Writer
2958,26,Penciler
2959,202,Writer
2959,293,Penciler
2960,282,Writer
2960,431,Penciler
2961,252,Writer
2961,79,Penciler
2962,28,Writer
2962,185,Penciler
2963,2,Writer
2963,219,Penciler
2964,45,Writer
2964,151,Penciler
2965,422,Writer
2965,339,Penciler
2966,321,Writer
2966,308,Penciler
2967,246,Writer
2967,103,Penciler
2968,50,Writer
2968,14,Penciler
2969,106,Writer
2969,88,Penciler
2970,327,Writer
2970,150,Penciler
2971,42,Writer
2971,243,Penciler
2972,433,Writer
2972,60,Penciler
2973,158,Writer
2973,402,Penciler
2974,204,Writer
2974,242,Penciler
2975,251,Writer
2975,459,Penciler
2976,339,Writer
2976,136,Penciler
2977,47,Writer
2977,329,Penciler
2978,279,Writer
2978,199,Penciler
2979,95,Writer
2979,190,Penciler
2980,454,Writer
2980,196,Penciler
2981,190,Writer
2981,96,Penciler
2982,229,Writer
2982,23,Penciler
2983,135,Writer
2983,226,Penciler
2984,239,Writer
2984,135,Penciler
2985,116,Writer
2985,429,Penciler
2986,138,Writer
2986,289,Penciler
2987,32,Writer
2987,78,Penciler
2988,386,Writer
2988,357,Penciler
2989,342,Writer
2989,50,Penciler
2990,44,Writer
2990,343,Penciler
2991,177,Writer
2991,414,Penciler
2992,278,Writer
2992,212,Penciler
2993,498,Writer
2993,388,Penciler
2994,302,Writer
2994,117,Penciler
2995,284,Writer
2995,32,Penciler
2996,431,Writer
2996,199,Penciler
2997,420,Writer
2997,268,Penciler
2998,215,Writer
2998,495,Penciler
2999,275,Writer
2999,352,Penciler
3000,444,Writer
3000,480,Penciler
