issue_id,character_id,appearance
2417,207,Main
500,60,Main
784,320,Supporting
861,588,Main
2602,488,Main
532,148,Main
1483,597,Supporting
348,370,Supporting
1954,579,Cameo
813,397,Cameo
1818,535,Supporting
1400,254,Cameo
1813,149,Flashback
244,400,Cameo
2532,392,Supporting
548,268,Supporting
2017,191,Supporting
426,223,Main
2788,336,Supporting
691,336,Main
1195,218,Main
754,96,Cameo
481,164,Main
2238,188,Supporting
690,97,Main
1273,480,Main
2708,328,Death
1157,255,Main
383,158,Main
2877,368,Supporting
1202,197,Main
2852,283,Main
882,188,Main
1911,527,Flashback
2625,113,Cameo
1354,31,Cameo
2391,571,Supporting
2446,277,Supporting
216,554,Supporting
339,416,Supporting
1890,165,Main
877,412,Supporting
1525,103,Supporting
180,476,Main
1532,65,Main
895,296,Supporting
1481,435,Main
2427,293,Main
1179,7,Cameo
1236,429,Main
1135,377,Main
801,501,Supporting
158,124,Supporting
399,334,Main
36,6,Main
1216,37,Supporting
396,180,Cameo
2406,588,Main
610,234,Cameo
1587,113,Supporting
456,375,Main
1912,454,Main
1177,135,Main
2174,514,Main
1856,577,Supporting
2626,315,Main
1427,161,Main
39,250,Cameo
2836,321,Supporting
82,108,Main
685,583,Main
207,106,Cameo
2889,167,Cameo
2517,242,Main
2581,364,Supporting
619,143,Main
684,86,Cameo
1519,78,Main
2260,554,Cameo
2,556,Supporting
202,398,Main
1527,232,Main
385,277,Cameo
100,562,Supporting
1235,359,Main
2632,565,Main
1649,549,Supporting
360,496,Supporting
1074,504,Supporting
1970,258,Supporting
2977,341,Main
1216,271,Supporting
2652,560,Supporting
1635,235,Supporting
1550,31,Main
1619,583,Main
2839,429,Main
2286,476,Main
299,357,Main
2542,357,Main
1711,251,Cameo
1377,305,Main
2910,444,Main
2584,341,Main
1134,312,Main
1906,354,Supporting
2102,65,Supporting
2573,414,Main
557,308,Cameo
857,204,Main
2198,362,Main
472,131,Death
1065,525,Death
2915,103,Main
1723,543,Main
102,348,Main
1695,8,Main
2358,578,Supporting
793,150,Cameo
2637,66,Supporting
1116,412,Main
1615,212,Flashback
2175,152,Main
2454,48,Main
2155,455,Supporting
376,450,Flashback
1693,551,Main
2075,578,Flashback
478,23,Main
162,558,Main
1276,34,Main
2182,597,Main
1719,341,Supporting
74,44,Supporting
1021,66,Supporting
2180,324,Main
2278,163,Main
1111,145,Main
2099,387,Main
218,465,Main
2143,399,Main
1449,417,Cameo
1946,521,Flashback
368,398,Flashback
218,449,Main
1810,249,Main
2050,380,Main
2017,473,Supporting
1949,274,Supporting
1043,1,Supporting
676,185,Supporting
354,541,Main
604,419,Cameo
27,387,Main
1777,522,Main
2893,447,Main
2144,183,Cameo
1260,108,Cameo
2862,473,Supporting
1649,519,Death
1078,173,Supporting
2007,524,Supporting
663,336,Cameo
2151,405,Cameo
2831,159,Supporting
499,367,Main
507,373,Main
1947,447,Main
2333,390,Main
720,548,Flashback
562,369,Main
1426,341,Cameo
271,270,Main
1479,518,Main
1101,205,Flashback
2436,354,Main
422,555,Supporting
971,109,Cameo
1487,255,Main
2723,524,Supporting
1559,378,Main
855,237,Supporting
2301,46,Main
446,107,Main
711,373,Death
2103,437,Supporting
1345,422,Main
1943,104,Cameo
1852,374,Cameo
513,308,Cameo
2757,47,Supporting
2866,360,Supporting
443,253,Supporting
2309,236,Main
1928,267,Supporting
2379,373,Cameo
175,50,Main
263,553,Cameo
2590,58,Main
1758,38,Main
2043,532,Main
1542,239,Cameo
2156,410,Main
2951,439,Main
2092,485,Supporting
791,300,Cameo
2576,263,Supporting
2477,255,Supporting
1084,74,Main
1945,17,Main
1928,30,Main
2698,195,Cameo
359,287,Main
2075,154,Death
2587,58,Main
178,398,Supporting
2916,83,Main
1807,430,Main
2638,409,Main
1405,510,Cameo
692,1,Main
2652,63,Supporting
38,38,Main
2679,156,Main
17,409,Main
483,125,Supporting
33,393,Cameo
2286,492,Cameo
2996,42,Supporting
1262,168,Main
1675,424,Main
1150,358,Main
1388,37,Supporting
1087,35,Supporting
2425,301,Cameo
2639,360,Cameo
580,129,Main
257,234,Supporting
1339,134,Main
1694,269,Flashback
1018,352,Supporting
623,375,Main
501,522,Cameo
829,482,Main
1404,465,Cameo
1968,314,Main
2618,432,Death
1736,156,Main
2868,334,Supporting
2108,314,Supporting
2119,276,Main
325,437,Supporting
2650,587,Supporting
1726,101,Main
1319,385,Supporting
700,410,Supporting
263,265,Supporting
1500,337,Supporting
353,303,Main
1865,15,Main
2763,17,Cameo
1988,195,Supporting
1876,343,Supporting
372,106,Supporting
2160,431,Supporting
937,123,Cameo
2137,529,Main
1390,338,Main
371,431,Main
1750,89,Supporting
2542,379,Cameo
1218,174,Main
1023,333,Cameo
1480,243,Main
2512,308,Main
2900,398,Main
2398,332,Supporting
1149,282,Main
50,600,Supporting
2293,160,Supporting
2124,144,Cameo
2641,343,Cameo
2373,437,Main
48,517,Main
2854,491,Flashback
561,348,Main
2220,513,Main
2297,344,Main
2402,81,Flashback
731,398,Main
2235,428,Main
898,377,Main
2430,498,Main
1390,327,Main
781,547,Supporting
698,160,Main
2981,279,Main
495,457,Main
2058,580,Main
1988,313,Death
2156,148,Main
2167,154,Supporting
1806,362,Supporting
2128,464,Main
181,477,Supporting
281,47,Cameo
500,237,Main
1790,597,Cameo
2381,225,Main
2569,513,Main
2761,222,Main
2066,498,Main
1576,255,Supporting
615,538,Main
2898,515,Main
2647,558,Main
2621,265,Cameo
1995,370,Supporting
1881,229,Cameo
1674,559,Supporting
1504,50,Supporting
1236,321,Main
1366,183,Main
305,540,Supporting
348,20,Supporting
100,204,Main
215,252,Main
548,487,Main
402,475,Supporting
2171,403,Main
1145,314,Cameo
2256,505,Cameo
2857,517,Flashback
981,435,Death
154,43,Cameo
2490,518,Main
2638,378,Supporting
2230,189,Cameo
290,303,Cameo
2577,104,Main
687,481,Main
2276,584,Main
2106,572,Main
513,117,Main
537,555,Main
9,445,Supporting
1730,552,Flashback
1120,258,Supporting
2400,295,Supporting
357,463,Main
549,134,Main
720,286,Flashback
2268,32,Main
657,468,Main
1376,523,Supporting
1576,585,Main
523,515,Flashback
1088,252,Cameo
1187,141,Cameo
214,339,Main
1173,57,Cameo
22,362,Main
2584,216,Supporting
2869,292,Main
803,463,Cameo
1528,13,Supporting
2672,394,Death
2328,177,Main
2815,166,Main
1933,381,Main
1047,89,Supporting
2229,140,Cameo
729,520,Main
226,147,Main
892,440,Cameo
361,222,Supporting
2327,175,Main
887,517,Supporting
2933,287,Flashback
2776,297,Main
658,150,Main
2667,3,Flashback
1847,548,Main
31,458,Death
1653,298,Main
2742,131,Cameo
1860,39,Main
422,237,Death
1519,587,Supporting
2950,241,Death
361,180,Supporting
2390,513,Main
364,521,Supporting
2776,3,Main
522,205,Flashback
415,169,Main
575,362,Cameo
1109,526,Flashback
1151,405,Main
2025,313,Main
1334,351,Main
1849,321,Supporting
2330,274,Main
524,345,Main
577,327,Supporting
2195,374,Supporting
258,82,Main
2340,272,Main
1531,9,Supporting
1733,380,Main
701,350,Main
626,155,Cameo
2301,24,Supporting
2892,157,Main
697,584,Main
2874,297,Cameo
100,331,Main
1738,568,Main
810,213,Cameo
668,37,Main
2256,466,Main
369,88,Main
2454,458,Cameo
821,40,Main
2123,433,Main
2947,353,Main
2879,570,Main
2372,563,Main
1904,110,Supporting
649,83,Main
1640,571,Supporting
2605,242,Supporting
1464,354,Main
1413,105,Main
2741,599,Main
1034,414,Main
967,51,Supporting
2216,7,Main
2720,5,Supporting
707,497,Cameo
526,505,Supporting
1764,15,Main
500,92,Main
1702,242,Death
494,67,Main
2088,274,Supporting
1397,468,Supporting
2650,197,Cameo
2809,230,Cameo
2121,104,Cameo
1025,20,Main
1172,503,Main
2387,408,Main
1083,442,Main
1359,109,Main
1228,328,Main
2352,454,Supporting
420,467,Supporting
33,281,Main
404,72,Main
1824,332,Main
2311,196,Main
12,421,Supporting
430,494,Main
2877,354,Supporting
2534,502,Main
1960,489,Main
466,440,Main
1184,61,Cameo
324,399,Flashback
1313,578,Main
1047,369,Main
2507,485,Main
2770,32,Supporting
2445,200,Main
1314,590,Main
1758,110,Main
2192,576,Main
2033,324,Main
1253,567,Death
2759,48,Death
693,510,Main
2795,245,Main
1134,416,Main
2874,488,Main
2579,45,Main
574,511,Main
2799,511,Cameo
1272,202,Death
1253,484,Main
2802,58,Main
705,442,Cameo
45,502,Main
1577,580,Supporting
885,345,Supporting
2139,193,Supporting
2946,566,Cameo
1834,115,Flashback
2915,414,Cameo
1323,585,Supporting
1161,309,Main
70,232,Main
803,127,Main
2599,523,Flashback
2987,580,Flashback
1046,163,Main
526,337,Supporting
422,369,Cameo
1557,329,Main
2783,556,Main
1976,223,Main
756,24,Main
1787,520,Cameo
821,274,Main
489,537,Cameo
74,297,Supporting
242,12,Main
1617,505,Main
2153,507,Flashback
518,275,Main
523,573,Main
884,54,Main
2368,188,Main
948,534,Main
2287,183,Cameo
2024,26,Cameo
2922,410,Supporting
647,69,Supporting
1445,502,Death
309,369,Main
952,126,Flashback
1347,247,Cameo
930,456,Supporting
1567,44,Main
478,540,Cameo
983,419,Supporting
655,599,Supporting
771,213,Main
303,345,Main
1950,562,Death
851,11,Main
796,29,Supporting
1553,317,Main
1318,567,Supporting
2247,594,Death
1988,314,Supporting
2690,560,Main
2638,550,Supporting
2801,197,Flashback
399,560,Cameo
2684,250,Supporting
75,133,Death
356,335,Supporting
982,159,Death
27,548,Flashback
2876,421,Death
2949,387,Supporting
582,516,Main
1184,484,Main
357,66,Cameo
2431,518,Cameo
241,302,Supporting
458,417,Main
775,256,Main
707,571,Supporting
1513,490,Cameo
255,106,Main
2477,418,Main
2332,426,Main
2639,444,Supporting
2884,10,Main
1665,431,Supporting
190,210,Main
2767,454,Supporting
857,577,Supporting
2315,417,Main
729,590,Main
280,209,Main
1155,69,Cameo
2233,215,Supporting
2800,74,Supporting
1413,388,Main
1389,48,Supporting
717,134,Supporting
41,281,Main
2767,226,Main
2429,134,Main
2756,29,Cameo
1146,523,Flashback
724,285,Main
2242,219,Supporting
887,362,Main
603,32,Main
2796,65,Cameo
2410,19,Main
2905,496,Main
1134,144,Main
710,51,Supporting
1510,551,Supporting
2519,27,Supporting
1478,77,Main
1162,553,Flashback
2430,517,Main
522,20,Flashback
2198,430,Main
1680,282,Main
2189,273,Main
1526,168,Main
2411,534,Cameo
750,64,Cameo
2342,43,Main
1615,411,Main
433,372,Main
1077,504,Main
654,249,Supporting
857,441,Main
1715,290,Main
2154,299,Supporting
1375,8,Main
1468,20,Main
2070,49,Supporting
419,329,Supporting
1836,416,Main
2558,403,Main
152,466,Cameo
1482,514,Main
2492,207,Cameo
2853,425,Death
542,178,Supporting
503,266,Flashback
2599,345,Supporting
1543,242,Supporting
1045,224,Cameo
2451,596,Cameo
285,179,Main
903,39,Main
2487,229,Death
1823,479,Supporting
253,406,Main
2069,488,Cameo
2981,49,Death
2625,83,Supporting
2766,68,Main
1576,600,Flashback
822,274,Supporting
225,338,Cameo
1396,392,Main
2774,169,Main
1846,281,Main
2622,454,Cameo
2100,303,Main
1894,122,Cameo
2744,65,Main
1405,410,Cameo
2282,429,Cameo
461,270,Cameo
1692,284,Death
2353,237,Cameo
342,473,Main
2450,12,Cameo
2102,489,Supporting
54,61,Cameo
1511,111,Death
2277,176,Supporting
1616,47,Main
1335,256,Main
1194,71,Cameo
469,2,Main
137,76,Main
552,74,Main
2590,588,Death
610,541,Cameo
2505,194,Main
2446,499,Death
1715,251,Main
2314,201,Death
909,54,Death
50,157,Cameo
698,556,Supporting
668,123,Main
35,42,Main
566,134,Main
1980,311,Supporting
1660,45,Main
1102,525,Supporting
646,257,Main
1780,26,Supporting
695,16,Cameo
717,475,Main
2898,596,Main
1099,323,Main
2286,191,Main
2606,174,Cameo
1773,136,Main
677,503,Main
1358,219,Supporting
776,502,Main
925,455,Main
308,191,Main
1093,37,Death
2197,353,Main
813,147,Supporting
1685,340,Flashback
929,121,Main
1080,531,Main
2179,182,Flashback
2494,51,Main
1296,312,Main
975,270,Supporting
1347,280,Main
556,239,Main
295,427,Main
1507,187,Main
2709,566,Main
2741,473,Main
788,269,Supporting
1365,149,Cameo
1032,365,Cameo
1148,150,Supporting
244,363,Main
2797,504,Main
2656,523,Supporting
51,463,Cameo
2967,117,Main
2591,562,Cameo
2874,393,Main
2720,347,Main
172,25,Cameo
702,141,Main
650,445,Cameo
2290,571,Cameo
2397,369,Main
1955,2,Cameo
2004,30,Supporting
1979,196,Supporting
2786,239,Supporting
752,61,Main
2746,39,Main
49,92,Main
2291,51,Main
711,573,Cameo
461,4,Main
2228,543,Main
431,343,Main
1190,108,Main
2378,165,Main
1170,57,Cameo
1614,181,Supporting
572,364,Death
1502,378,Death
2090,494,Main
1959,596,Main
2716,310,Main
717,53,Main
2712,205,Death
2903,533,Main
257,384,Death
1975,338,Main
2499,415,Main
1088,155,Flashback
1606,415,Main
1988,186,Supporting
2092,274,Main
98,24,Main
1196,230,Cameo
402,41,Flashback
1778,63,Supporting
2980,27,Supporting
1881,47,Main
1001,12,Main
448,221,Death
129,516,Supporting
55,380,Main
717,210,Main
1434,512,Main
1459,124,Flashback
504,241,Death
1026,182,Supporting
2618,527,Main
344,287,Main
988,581,Supporting
2357,10,Main
1902,594,Death
2934,593,Supporting
2942,354,Supporting
1372,507,Main
2933,495,Main
1238,102,Supporting
420,434,Main
2275,192,Main
2886,204,Cameo
584,267,Main
1196,122,Supporting
1898,204,Supporting
2351,328,Supporting
623,370,Cameo
1091,29,Main
1311,275,Cameo
1581,243,Supporting
356,568,Main
85,11,Cameo
1601,143,Main
1727,98,Cameo
2287,307,Main
1934,429,Flashback
2620,501,Flashback
2463,521,Cameo
2159,577,Main
645,534,Main
1194,224,Main
2926,566,Supporting
2133,352,Cameo
637,328,Cameo
2278,525,Main
2337,408,Supporting
1459,171,Main
2966,330,Cameo
121,254,Supporting
1341,227,Supporting
1373,221,Main
2984,200,Main
1459,133,Main
2963,519,Main
1982,347,Main
1096,241,Cameo
261,190,Death
2582,421,Main
2408,459,Cameo
1009,108,Main
1851,186,Main
1506,309,Main
2107,435,Supporting
13,121,Supporting
2991,270,Flashback
2844,106,Main
3,552,Main
76,497,Main
1380,164,Main
2619,559,Death
1656,121,Supporting
1352,43,Death
1480,335,Main
201,551,Death
798,16,Main
475,356,Main
384,63,Flashback
1897,551,Main
249,254,Supporting
429,211,Cameo
362,600,Main
548,467,Main
251,203,Main
1579,442,Death
38,445,Main
2276,484,Supporting
2284,67,Cameo
2393,280,Supporting
2750,345,Main
252,404,Supporting
1390,332,Supporting
2939,582,Cameo
1354,182,Cameo
1091,185,Main
1285,61,Supporting
417,386,Cameo
427,345,Main
2564,401,Main
907,68,Main
906,16,Flashback
1017,7,Main
2762,360,Cameo
699,45,Supporting
651,208,Main
2535,388,Supporting
2099,562,Supporting
944,69,Main
2427,416,Main
2085,422,Main
2220,262,Death
1087,281,Main
616,116,Cameo
274,495,Cameo
1566,152,Cameo
2563,114,Main
2393,316,Main
1691,4,Main
60,8,Cameo
868,585,Main
2556,117,Main
559,361,Supporting
2869,157,Supporting
2397,572,Main
584,118,Main
2419,505,Cameo
352,191,Supporting
2764,288,Cameo
2879,203,Main
2864,146,Main
2007,241,Flashback
735,173,Supporting
1850,106,Main
2988,192,Main
2450,332,Cameo
1255,2,Supporting
1146,235,Cameo
2934,523,Supporting
2213,427,Supporting
1146,564,Main
114,402,Cameo
1525,407,Supporting
816,21,Supporting
2968,40,Main
2761,493,Main
1358,426,Cameo
1841,394,Cameo
960,273,Main
535,237,Main
1121,277,Main
86,258,Main
1262,177,Main
2977,12,Main
791,366,Main
401,298,Supporting
455,436,Flashback
2638,92,Main
2163,262,Main
1686,93,Flashback
1618,178,Cameo
552,413,Supporting
1714,146,Main
790,480,Main
1942,406,Flashback
2463,5,Main
1465,12,Cameo
1155,530,Main
62,222,Cameo
1269,420,Supporting
883,59,Death
1156,515,Cameo
2820,179,Main
1944,416,Supporting
595,480,Supporting
2115,1,Cameo
278,184,Main
2548,579,Main
2491,53,Cameo
1720,174,Supporting
1247,310,Main
1517,178,Cameo
824,39,Main
1382,499,Cameo
419,149,Supporting
1452,213,Main
2722,296,Supporting
2665,574,Cameo
304,202,Flashback
231,316,Cameo
1207,508,Main
531,123,Main
1379,269,Supporting
2197,186,Main
2293,570,Main
1309,470,Cameo
2391,184,Main
1745,161,Main
2301,305,Cameo
2611,20,Main
640,119,Main
1751,373,Supporting
1441,232,Main
1098,228,Cameo
355,480,Main
231,403,Main
2643,370,Supporting
206,492,Flashback
172,456,Death
253,479,Cameo
982,583,Death
891,335,Flashback
101,594,Main
2378,205,Supporting
367,534,Main
2104,247,Supporting
2145,331,Supporting
1046,393,Supporting
1609,386,Flashback
2925,399,Main
275,561,Supporting
173,597,Main
2866,1,Cameo
960,165,Cameo
2127,364,Main
2633,66,Supporting
2834,210,Main
2153,402,Main
2800,91,Main
1994,321,Main
75,497,Supporting
1488,406,Supporting
1750,562,Main
2008,509,Death
2346,55,Cameo
237,89,Cameo
2581,195,Supporting
2846,546,Main
1821,554,Main
294,593,Cameo
371,256,Supporting
264,121,Flashback
226,334,Supporting
1203,399,Main
1598,110,Flashback
1059,486,Supporting
1869,580,Main
2089,595,Main
2441,274,Supporting
926,254,Supporting
528,364,Supporting
1142,60,Supporting
121,358,Supporting
1353,238,Main
550,112,Main
2963,247,Cameo
2821,429,Supporting
1430,118,Supporting
2432,261,Main
1629,268,Main
2370,554,Cameo
1775,519,Main
2288,224,Main
1556,162,Main
95,231,Supporting
2211,345,Supporting
1092,488,Main
491,340,Main
1316,178,Main
2168,200,Main
581,219,Death
114,549,Main
2595,474,Main
1631,18,Death
1972,441,Main
1132,132,Flashback
1265,265,Main
1615,556,Supporting
2980,62,Cameo
633,496,Supporting
2437,583,Supporting
2331,301,Supporting
2513,285,Cameo
2579,57,Cameo
494,529,Supporting
2136,592,Cameo
1578,435,Main
2360,234,Cameo
2889,391,Main
231,519,Supporting
1507,420,Flashback
159,32,Cameo
733,597,Main
2884,503,Main
1223,197,Main
1536,218,Main
1946,399,Main
2454,535,Main
1948,249,Cameo
2977,566,Cameo
508,367,Main
2401,543,Main
2862,251,Death
2016,456,Main
430,356,Cameo
1759,201,Supporting
893,310,Supporting
2944,126,Supporting
360,182,Supporting
731,594,Main
824,590,Main
597,56,Cameo
1060,514,Main
1375,369,Supporting
680,59,Main
1288,140,Main
323,142,Supporting
2580,563,Main
1524,37,Supporting
2338,397,Main
2101,242,Cameo
2133,541,Flashback
2160,10,Main
1884,242,Cameo
813,543,Main
2077,495,Supporting
2526,82,Supporting
1812,155,Main
1385,187,Supporting
2204,109,Main
393,195,Main
2481,174,Supporting
402,26,Main
861,593,Cameo
1853,17,Main
275,213,Main
2847,380,Main
844,543,Supporting
2068,249,Main
2500,453,Supporting
2961,118,Main
1899,330,Main
2516,559,Cameo
474,78,Cameo
57,573,Main
1788,10,Supporting
2235,584,Supporting
2682,111,Supporting
637,521,Main
1981,101,Main
2261,304,Flashback
440,93,Main
2588,291,Main
2810,207,Main
1394,435,Cameo
225,63,Cameo
1882,41,Main
834,18,Supporting
551,504,Main
340,566,Main
2118,421,Supporting
816,61,Main
2026,433,Main
219,260,Supporting
597,492,Supporting
1519,252,Main
1522,412,Supporting
1707,564,Main
2818,60,Supporting
2474,148,Supporting
78,315,Main
2528,383,Supporting
2756,224,Main
920,350,Main
881,455,Main
161,35,Main
2128,321,Main
855,569,Cameo
1148,450,Cameo
330,7,Flashback
2115,506,Main
305,480,Main
1835,153,Main
323,60,Death
493,32,Supporting
1448,592,Main
2714,107,Main
447,170,Main
2045,229,Main
2228,80,Main
1184,513,Main
87,348,Main
1895,172,Flashback
1354,449,Cameo
1871,177,Main
2477,326,Supporting
1268,249,Death
461,167,Flashback
779,359,Supporting
2231,151,Main
1222,539,Cameo
585,538,Death
30,522,Main
1560,173,Supporting
865,395,Main
2360,85,Main
432,256,Flashback
1389,3,Main
2185,352,Death
1301,181,Main
1602,527,Death
2833,53,Supporting
165,402,Supporting
847,359,Cameo
1965,146,Cameo
2063,563,Main
1415,313,Main
1917,177,Flashback
729,99,Main
343,410,Death
950,114,Supporting
2542,343,Death
2634,562,Death
248,421,Supporting
306,79,Cameo
1751,35,Cameo
2578,56,Cameo
259,173,Main
436,141,Main
1262,503,Cameo
969,537,Main
1276,528,Cameo
1169,519,Supporting
2846,233,Cameo
1675,585,Death
64,132,Main
190,577,Main
1531,479,Supporting
2302,94,Main
2854,274,Main
435,312,Cameo
1298,482,Main
2476,384,Main
502,63,Cameo
1653,5,Main
2197,580,Main
490,114,Main
1222,298,Supporting
1991,423,Supporting
447,293,Supporting
1089,205,Main
1423,64,Main
1702,513,Main
2471,314,Cameo
2710,380,Main
1289,264,Supporting
1485,173,Main
1517,525,Supporting
515,597,Cameo
1496,4,Main
1495,151,Main
407,4,Supporting
2633,90,Main
43,578,Main
2530,200,Main
1633,172,Supporting
654,376,Supporting
1207,567,Main
1125,380,Supporting
2427,325,Main
1768,213,Main
1535,344,Supporting
197,159,Main
125,473,Death
2438,388,Supporting
2207,162,Supporting
1552,82,Supporting
561,525,Main
102,276,Main
524,55,Supporting
1254,225,Cameo
472,11,Death
957,18,Main
2716,201,Main
452,72,Main
1594,248,Main
2206,566,Main
1223,418,Main
2174,415,Main
1130,525,Main
1457,246,Death
354,188,Main
336,15,Main
2863,411,Main
1298,430,Supporting
1097,244,Main
2874,311,Supporting
1043,264,Supporting
2712,390,Cameo
1067,310,Main
271,78,Main
1815,15,Supporting
2610,46,Flashback
856,39,Main
1679,92,Cameo
385,569,Main
136,264,Main
1252,284,Death
1072,411,Main
2364,573,Supporting
578,530,Main
269,316,Supporting
2580,497,Supporting
2853,347,Supporting
2630,225,Main
254,341,Death
1103,113,Main
429,524,Supporting
656,455,Death
157,2,Main
2763,580,Cameo
650,106,Main
2501,26,Supporting
61,334,Death
2898,427,Flashback
1981,293,Cameo
2570,127,Cameo
1826,551,Supporting
226,207,Supporting
960,34,Cameo
2427,241,Main
2626,524,Main
881,2,Supporting
557,92,Main
2502,600,Supporting
1161,331,Cameo
287,552,Main
1044,117,Main
2441,28,Main
1591,581,Main
2908,557,Cameo
1364,218,Main
315,59,Main
116,480,Flashback
2412,387,Main
27,190,Main
2167,126,Cameo
1945,108,Main
994,162,Main
2680,335,Supporting
2636,507,Supporting
291,62,Cameo
528,515,Supporting
257,420,Cameo
2827,565,Cameo
958,76,Flashback
1457,381,Main
1300,426,Main
2884,497,Supporting
2500,3,Main
1232,126,Death
1735,390,Supporting
384,89,Death
850,296,Main
2615,325,Main
1246,143,Main
2465,422,Supporting
2400,442,Supporting
1828,422,Supporting
2521,585,Cameo
209,479,Supporting
2062,122,Main
49,268,Main
999,508,Supporting
2905,435,Main
171,298,Death
1971,44,Main
963,313,Main
977,72,Cameo
298,379,Main
2612,493,Main
2207,228,Main
2816,484,Supporting
2509,21,Supporting
1027,355,Main
2802,297,Death
624,26,Main
807,46,Main
526,202,Supporting
2618,256,Supporting
1112,53,Main
1848,84,Main
813,574,Main
1032,498,Main
1913,566,Main
456,400,Death
2916,321,Flashback
2880,492,Main
1515,88,Main
1179,581,Main
2754,395,Main
1834,446,Main
1987,93,Main
858,297,Supporting
1659,576,Main
2159,335,Main
1867,350,Main
1346,502,Supporting
171,26,Main
2087,238,Main
2627,599,Main
976,415,Main
950,61,Main
2487,533,Supporting
2938,93,Supporting
2519,345,Supporting
2046,568,Flashback
2935,239,Main
1362,385,Cameo
941,269,Main
310,438,Cameo
317,57,Flashback
1573,355,Main
2680,97,Main
614,176,Main
630,202,Main
1390,524,Supporting
1125,396,Cameo
1358,154,Flashback
2959,310,Supporting
580,325,Main
2777,478,Supporting
313,198,Cameo
2053,384,Main
2061,411,Supporting
155,306,Cameo
1908,80,Supporting
564,83,Supporting
2187,7,Cameo
2036,402,Main
1485,261,Main
2126,9,Flashback
2582,438,Main
2132,452,Main
330,221,Main
281,151,Main
260,432,Main
1826,404,Supporting
982,415,Main
1826,187,Cameo
1360,561,Cameo
1565,557,Main
414,176,Main
2465,543,Main
1317,258,Cameo
1070,251,Main
2616,590,Main
1622,473,Death
1637,198,Cameo
1336,110,Main
374,45,Death
1077,230,Main
116,299,Main
367,35,Cameo
700,332,Supporting
1209,460,Main
2869,493,Main
360,477,Main
901,354,Supporting
277,520,Flashback
1691,595,Supporting
1939,154,Supporting
1938,88,Main
458,156,Main
1246,88,Supporting
2212,499,Supporting
824,246,Main
227,434,Main
2689,462,Cameo
285,248,Main
537,143,Main
631,133,Death
1818,445,Main
2007,468,Flashback
113,35,Main
706,547,Main
1411,351,Supporting
1855,187,Supporting
1110,560,Supporting
2444,564,Main
2886,118,Main
2092,586,Main
1008,372,Main
1509,142,Supporting
2632,407,Cameo
86,396,Main
1400,406,Main
854,141,Cameo
45,51,Supporting
2501,345,Death
2358,71,Main
2802,183,Main
1336,4,Cameo
1765,254,Death
1692,175,Main
2199,181,Cameo
663,337,Main
1001,522,Main
781,96,Main
1295,573,Main
2835,272,Main
250,586,Main
2145,280,Main
1767,161,Flashback
182,275,Cameo
768,316,Main
2047,600,Main
1835,197,Cameo
993,167,Cameo
361,111,Supporting
138,523,Flashback
2640,164,Supporting
910,556,Main
1127,220,Supporting
1407,470,Cameo
2491,47,Main
557,87,Supporting
1370,126,Death
1300,375,Main
1866,243,Supporting
1798,385,Main
1862,142,Cameo
1917,571,Cameo
2875,497,Supporting
2582,338,Flashback
2484,501,Main
1192,430,Main
2718,488,Cameo
146,358,Main
557,93,Main
561,339,Main
1515,524,Cameo
2711,224,Main
2136,173,Main
267,470,Cameo
2613,152,Main
2664,362,Supporting
1517,152,Main
1860,262,Main
2785,242,Flashback
1245,195,Main
540,166,Supporting
1825,175,Cameo
805,9,Main
2026,216,Main
126,309,Main
1182,10,Supporting
50,280,Main
1229,296,Main
758,174,Main
2971,137,Supporting
2022,158,Main
1131,249,Main
1916,459,Main
87,272,Cameo
2181,270,Main
2003,393,Death
597,566,Cameo
1379,377,Supporting
1259,571,Main
667,509,Main
1586,374,Main
2259,505,Main
2587,592,Main
436,244,Death
13,519,Cameo
2788,450,Main
1729,151,Main
2492,113,Main
873,111,Supporting
2751,271,Supporting
1133,396,Supporting
2379,330,Cameo
1636,393,Supporting
1368,412,Supporting
47,189,Supporting
2024,437,Supporting
1146,321,Main
974,62,Supporting
459,145,Main
925,300,Supporting
1366,493,Cameo
2690,317,Flashback
1223,77,Cameo
1184,306,Main
1313,284,Supporting
1310,229,Main
165,377,Main
1440,279,Supporting
338,339,Supporting
1259,278,Supporting
1397,13,Main
643,338,Main
2231,382,Supporting
2303,450,Death
2110,88,Main
2878,324,Main
2854,535,Supporting
1271,64,Cameo
1808,433,Supporting
482,381,Main
2271,31,Main
2992,517,Supporting
1745,591,Main
2720,14,Cameo
636,386,Cameo
2984,527,Main
1045,587,Main
2468,244,Main
2048,276,Death
1842,517,Main
1315,175,Main
261,380,Main
1296,416,Main
2611,306,Supporting
959,502,Main
2463,324,Cameo
2976,139,Main
847,35,Main
236,296,Main
1697,236,Supporting
2025,380,Supporting
2620,492,Supporting
750,586,Death
1254,400,Supporting
1485,521,Cameo
1400,469,Main
124,380,Main
1320,482,Main
2358,483,Main
807,168,Cameo
2765,85,Supporting
2562,110,Supporting
168,353,Main
1030,424,Supporting
707,595,Death
2878,548,Supporting
800,370,Supporting
1497,560,Cameo
207,455,Main
2232,141,Supporting
7,326,Main
557,409,Main
1141,283,Main
495,96,Main
936,516,Main
1578,158,Supporting
1074,256,Supporting
2831,422,Supporting
2959,316,Supporting
140,454,Main
982,310,Main
716,234,Main
1299,25,Main
2853,26,Main
2956,114,Flashback
2706,442,Main
2088,34,Main
465,106,Cameo
1052,91,Main
1482,523,Death
2073,421,Supporting
1196,403,Main
2633,166,Main
2547,172,Flashback
128,128,Main
2220,515,Main
670,405,Main
573,529,Cameo
557,502,Main
2934,386,Death
530,383,Supporting
1803,595,Main
1663,5,Main
747,462,Main
2832,217,Cameo
478,12,Main
2742,279,Flashback
1433,151,Main
1069,40,Cameo
866,374,Supporting
460,568,Supporting
2524,218,Main
1296,505,Main
1163,578,Main
2072,465,Supporting
1584,594,Supporting
342,415,Supporting
2829,82,Main
2731,265,Main
1610,222,Main
1763,229,Supporting
330,526,Supporting
2444,451,Supporting
2628,471,Main
2860,154,Main
2129,311,Supporting
1306,89,Main
747,437,Main
1802,332,Main
2090,301,Main
1227,32,Cameo
1089,116,Main
2194,202,Cameo
493,272,Main
2743,316,Main
2688,244,Cameo
133,195,Main
203,334,Main
1142,9,Main
1212,96,Death
710,257,Main
25,340,Supporting
2585,164,Main
1952,16,Supporting
2658,154,Main
2771,447,Main
1003,389,Supporting
1704,199,Main
2137,371,Main
2204,334,Supporting
600,323,Cameo
30,213,Supporting
391,154,Main
930,173,Supporting
2478,408,Supporting
1510,584,Cameo
1320,161,Main
360,488,Death
2951,565,Cameo
47,172,Supporting
225,328,Flashback
869,22,Cameo
224,387,Main
2936,126,Main
2731,23,Main
339,309,Supporting
2566,57,Cameo
2103,193,Main
412,21,Main
2743,137,Main
55,134,Main
186,600,Supporting
1387,598,Main
2596,441,Supporting
2094,279,Main
2601,152,Cameo
372,250,Main
784,279,Flashback
369,121,Supporting
1981,147,Main
713,199,Main
339,477,Main
288,195,Main
812,119,Main
2426,390,Supporting
1431,370,Death
2435,78,Supporting
1878,564,Main
2239,568,Main
1402,506,Main
1073,127,Supporting
1774,189,Main
456,438,Main
2653,177,Supporting
1847,238,Supporting
221,274,Main
2840,474,Flashback
1144,100,Supporting
2520,570,Main
2707,255,Main
2317,29,Cameo
1062,160,Main
898,86,Main
97,133,Main
1987,177,Main
2579,469,Supporting
2304,504,Supporting
2212,465,Supporting
633,398,Main
195,210,Main
701,214,Main
1161,526,Flashback
945,446,Main
1305,233,Supporting
2009,116,Supporting
862,151,Cameo
2410,337,Main
605,73,Main
2333,357,Main
874,240,Death
1387,82,Flashback
1463,96,Supporting
1373,44,Supporting
2323,494,Cameo
672,521,Death
204,572,Supporting
2286,517,Main
2118,573,Main
171,51,Main
2242,103,Main
907,132,Cameo
949,409,Main
1620,30,Main
2021,283,Supporting
1641,74,Flashback
1647,596,Cameo
1846,136,Cameo
2058,62,Death
2473,256,Supporting
1197,440,Supporting
2487,3,Supporting
463,50,Main
325,592,Cameo
1814,596,Supporting
2611,517,Death
255,278,Main
1652,3,Main
2356,84,Cameo
1035,175,Main
2537,164,Main
1990,216,Death
223,317,Cameo
2366,581,Main
140,337,Main
192,110,Main
1139,225,Main
428,69,Supporting
1759,499,Main
1414,108,Main
301,59,Main
1005,330,Main
2781,301,Supporting
687,253,Main
2742,216,Death
1962,357,Main
1085,99,Main
2252,184,Main
1271,188,Main
335,276,Cameo
1369,409,Main
2521,302,Cameo
1321,546,Main
1803,229,Cameo
2259,582,Main
63,86,Flashback
488,183,Flashback
2487,146,Main
1549,133,Death
326,68,Cameo
81,460,Main
2178,581,Cameo
847,149,Cameo
484,499,Main
1144,388,Death
1297,215,Flashback
374,323,Cameo
233,339,Main
150,106,Main
2699,23,Main
1814,401,Main
2541,585,Main
2096,131,Main
1125,9,Main
580,546,Main
1038,174,Flashback
169,339,Main
160,521,Cameo
1205,130,Cameo
2452,480,Supporting
1665,486,Main
571,421,Main
937,215,Flashback
829,162,Main
743,88,Cameo
2589,477,Main
2976,319,Main
1362,378,Main
2740,132,Supporting
1919,479,Death
622,71,Main
2757,431,Supporting
1143,590,Cameo
358,472,Cameo
1622,259,Supporting
2563,516,Main
1936,339,Supporting
613,61,Main
1936,20,Main
2576,394,Main
2774,207,Cameo
2747,474,Main
1303,216,Cameo
790,499,Main
2784,115,Main
1139,518,Main
2940,419,Main
925,106,Cameo
598,125,Supporting
739,471,Main
2312,429,Main
1216,510,Main
782,108,Main
2302,302,Flashback
335,436,Supporting
1025,473,Cameo
1387,386,Main
2486,111,Main
2987,377,Main
429,383,Main
1757,123,Supporting
622,573,Death
946,282,Main
2242,174,Main
1793,540,Supporting
513,158,Main
1335,236,Cameo
2975,184,Main
913,160,Supporting
1717,549,Main
2400,510,Main
1343,582,Death
2601,398,Main
2363,249,Cameo
2449,289,Main
2240,383,Supporting
2484,251,Main
978,156,Supporting
179,102,Supporting
2762,15,Supporting
1497,76,Main
2425,24,Supporting
2005,77,Main
1160,515,Supporting
2320,328,Main
1024,395,Main
979,442,Supporting
1810,427,Supporting
1773,234,Main
2878,20,Main
2944,334,Supporting
1026,424,Main
566,69,Main
1983,150,Main
2505,340,Main
1612,334,Flashback
1730,289,Main
2089,579,Supporting
2812,223,Main
1808,5,Cameo
1152,407,Main
243,371,Supporting
547,421,Supporting
560,308,Main
801,23,Main
16,405,Main
107,577,Flashback
2539,82,Supporting
1846,15,Main
2305,235,Main
2089,110,Supporting
95,166,Cameo
358,126,Main
117,89,Main
2188,106,Main
795,536,Main
2463,600,Death
8,300,Supporting
2120,200,Main
972,189,Main
194,220,Main
2396,226,Main
2072,505,Main
562,325,Main
2230,483,Main
2702,186,Main
1024,449,Death
2784,509,Death
2426,504,Supporting
564,345,Main
411,472,Main
2473,122,Main
1093,341,Supporting
701,388,Main
1271,599,Main
1283,44,Main
865,476,Main
2634,278,Supporting
225,283,Supporting
1378,123,Cameo
2911,262,Main
43,81,Main
2521,548,Death
2640,172,Main
2798,18,Main
2530,315,Main
821,506,Main
520,386,Cameo
1567,436,Flashback
1532,522,Main
2171,206,Cameo
2938,5,Main
1098,508,Supporting
2892,112,Cameo
760,338,Cameo
2549,508,Main
1437,98,Main
2571,507,Main
1269,62,Main
628,546,Main
1025,98,Main
123,465,Main
370,598,Death
2143,369,Main
1105,488,Supporting
576,347,Main
2813,431,Main
2215,171,Cameo
1219,51,Cameo
610,569,Cameo
1852,136,Main
1188,39,Main
2044,48,Supporting
1825,35,Main
1192,587,Main
1668,24,Main
782,18,Cameo
1964,372,Supporting
2036,263,Cameo
586,11,Main
125,40,Cameo
2434,274,Supporting
1596,345,Supporting
8,501,Main
1414,270,Supporting
766,178,Main
1792,9,Main
2865,257,Main
1220,455,Main
2771,438,Supporting
2712,225,Main
425,338,Main
2878,593,Main
1624,81,Supporting
1850,37,Death
2146,368,Cameo
2226,116,Supporting
568,443,Main
2708,15,Death
2416,257,Main
752,380,Cameo
1982,143,Main
836,220,Main
808,310,Main
2840,293,Cameo
2405,282,Main
2075,585,Death
1012,447,Cameo
1722,304,Main
2755,40,Main
2810,485,Main
2375,585,Main
922,48,Main
1478,493,Supporting
1931,127,Main
2060,30,Cameo
2700,521,Main
1312,164,Main
547,274,Main
128,427,Supporting
785,380,Death
301,511,Main
511,124,Supporting
523,147,Main
1016,123,Main
949,385,Supporting
837,129,Cameo
2653,558,Flashback
156,22,Main
430,343,Supporting
1225,5,Supporting
2831,486,Main
1453,32,Main
1042,423,Main
1507,470,Cameo
826,403,Supporting
462,290,Main
718,188,Main
1427,435,Cameo
720,5,Supporting
2088,292,Supporting
1608,82,Cameo
2284,58,Main
2091,153,Cameo
2307,514,Supporting
1197,198,Main
514,107,Main
838,72,Supporting
2841,352,Cameo
2880,494,Main
987,35,Flashback
2545,491,Main
2807,19,Main
2898,415,Cameo
2206,101,Supporting
219,288,Death
513,143,Main
1701,570,Supporting
973,183,Main
1047,283,Main
2707,430,Cameo
2583,572,Supporting
1729,221,Main
1678,569,Cameo
26,283,Supporting
321,100,Main
1717,429,Supporting
1285,204,Supporting
352,549,Main
2831,111,Supporting
1179,403,Main
2142,570,Main
2207,551,Supporting
205,512,Main
1903,505,Main
2367,576,Death
2535,171,Death
728,185,Supporting
496,7,Main
1436,154,Main
2810,539,Main
501,469,Supporting
447,580,Main
668,340,Main
371,450,Main
381,528,Main
1638,314,Main
1864,510,Main
99,223,Main
1965,120,Cameo
2369,536,Main
834,464,Flashback
2169,271,Cameo
1531,486,Supporting
1666,478,Flashback
1778,220,Main
1157,124,Supporting
2763,103,Supporting
706,215,Main
2996,233,Supporting
2017,547,Main
169,51,Main
1753,449,Main
1539,415,Main
2182,335,Main
2156,64,Cameo
145,593,Supporting
2484,504,Cameo
1079,548,Supporting
2537,49,Flashback
1477,11,Cameo
2017,217,Main
1675,406,Main
1469,426,Main
1461,454,Main
836,489,Main
386,276,Main
2720,550,Supporting
1379,555,Cameo
383,439,Main
2454,398,Cameo
2706,41,Supporting
769,210,Main
2027,474,Main
1601,141,Supporting
2070,468,Main
1212,367,Main
2887,151,Cameo
2843,543,Main
1239,556,Main
2770,525,Death
572,335,Main
2555,597,Supporting
1535,525,Supporting
2469,489,Main
420,30,Supporting
1725,448,Main
1902,174,Supporting
2247,331,Supporting
375,547,Flashback
1505,336,Main
1149,355,Main
1419,173,Main
2150,375,Main
1201,421,Cameo
316,82,Main
2955,378,Main
2937,474,Supporting
2924,288,Main
1010,283,Main
598,314,Main
2831,169,Supporting
2206,218,Main
472,358,Main
2936,284,Main
1669,8,Main
1655,392,Main
2019,198,Supporting
2551,386,Cameo
1069,66,Main
1619,347,Main
17,496,Main
2435,272,Supporting
705,3,Main
533,377,Cameo
2677,390,Main
1982,32,Main
1688,579,Supporting
1952,29,Supporting
617,446,Main
1896,113,Death
1942,223,Supporting
881,211,Main
2011,99,Main
99,164,Supporting
1976,73,Supporting
362,222,Cameo
893,150,Main
164,95,Supporting
2571,196,Cameo
1006,510,Main
733,494,Cameo
659,49,Supporting
1639,50,Main
417,114,Death
2796,308,Cameo
318,414,Supporting
1111,467,Supporting
1674,534,Supporting
1049,559,Supporting
544,202,Supporting
1833,267,Cameo
2893,309,Supporting
1928,270,Main
587,14,Cameo
395,307,Main
1266,530,Flashback
2142,26,Cameo
350,483,Main
1006,527,Main
1617,435,Supporting
2000,116,Supporting
858,292,Main
2507,543,Main
1205,475,Main
1504,253,Flashback
2983,435,Main
2943,378,Main
23,349,Flashback
728,195,Main
2377,142,Main
1719,599,Main
933,26,Main
2942,187,Supporting
2150,351,Main
1047,88,Main
1346,38,Main
186,401,Main
1460,90,Main
1496,563,Supporting
745,116,Cameo
159,16,Supporting
2077,70,Main
716,600,Cameo
385,113,Cameo
2192,183,Flashback
1887,558,Supporting
252,377,Supporting
2054,144,Main
1146,376,Supporting
2144,394,Main
2547,562,Supporting
2187,598,Death
729,60,Supporting
2148,186,Main
1301,341,Death
60,193,Supporting
1768,243,Cameo
1983,243,Main
2433,553,Main
2563,355,Main
2943,181,Supporting
1430,208,Main
2631,529,Main
586,564,Main
1068,93,Cameo
2852,280,Cameo
68,458,Main
2648,41,Main
2566,355,Main
909,595,Main
169,485,Main
2565,510,Flashback
2637,285,Main
837,177,Main
2362,201,Main
2726,512,Cameo
666,196,Main
2477,251,Main
2858,41,Main
2299,555,Main
2313,306,Main
1669,207,Cameo
567,80,Death
866,443,Main
2916,121,Supporting
2481,178,Supporting
666,186,Main
1775,252,Supporting
1503,387,Supporting
390,428,Supporting
322,465,Cameo
1505,299,Cameo
993,222,Main
444,378,Supporting
284,234,Main
329,42,Death
1364,566,Supporting
2991,116,Main
1039,262,Cameo
1226,141,Main
2716,279,Main
1382,397,Main
1480,316,Cameo
1544,202,Supporting
1807,200,Cameo
1885,345,Main
2771,429,Main
2312,75,Cameo
706,302,Supporting
2922,591,Main
173,74,Main
563,314,Supporting
2513,506,Main
622,522,Supporting
2760,469,Main
2268,68,Main
1432,312,Supporting
2870,363,Main
1919,366,Main
1848,476,Supporting
806,173,Main
2160,396,Main
835,210,Supporting
608,389,Main
1770,540,Main
696,56,Main
1289,67,Cameo
1513,366,Cameo
2505,66,Main
1921,555,Cameo
598,451,Main
2831,348,Main
466,314,Main
1985,138,Main
2435,535,Death
2140,134,Main
1813,141,Main
542,524,Main
1201,264,Supporting
584,59,Death
495,179,Flashback
2992,245,Main
1386,220,Supporting
16,481,Flashback
922,151,Main
2240,281,Main
1056,285,Main
1390,104,Main
1835,289,Supporting
2208,459,Main
1384,262,Cameo
2166,13,Main
1918,185,Cameo
629,589,Supporting
1040,314,Supporting
216,586,Supporting
2126,166,Cameo
807,144,Cameo
1432,212,Death
687,531,Cameo
750,222,Main
200,87,Supporting
2918,111,Flashback
1537,176,Main
1175,360,Flashback
223,527,Main
2136,452,Main
363,66,Main
2270,310,Main
252,315,Main
687,500,Main
2538,202,Main
217,235,Supporting
671,378,Cameo
928,391,Supporting
327,356,Flashback
1895,242,Main
178,228,Supporting
2194,347,Main
527,427,Main
837,220,Main
1543,28,Main
1413,592,Supporting
2428,29,Cameo
1796,15,Main
416,469,Cameo
185,540,Main
1314,251,Main
425,445,Flashback
728,132,Death
1671,366,Main
646,107,Cameo
2351,541,Supporting
1280,278,Main
793,234,Main
2128,112,Main
406,386,Cameo
1646,53,Flashback
742,333,Cameo
1709,74,Cameo
2717,532,Main
2126,277,Supporting
2154,389,Main
1926,476,Main
124,596,Cameo
2788,600,Main
814,166,Main
1856,408,Flashback
1492,494,Main
1582,380,Main
617,568,Main
2705,86,Death
2512,71,Main
2683,155,Cameo
2542,95,Main
46,242,Cameo
1755,443,Main
1341,550,Main
2222,186,Death
941,226,Main
2439,462,Cameo
2621,210,Main
1420,534,Cameo
2953,195,Main
1936,292,Supporting
1379,525,Main
1392,554,Cameo
2869,234,Supporting
1497,488,Main
1271,236,Main
1917,159,Flashback
778,258,Cameo
1038,151,Supporting
2364,112,Main
2927,432,Supporting
2055,429,Main
463,99,Cameo
976,502,Main
1756,289,Supporting
1852,180,Main
2034,477,Supporting
818,576,Main
2099,84,Supporting
1627,374,Supporting
2380,20,Main
118,231,Death
57,103,Main
2308,139,Cameo
2590,297,Main
856,205,Main
2344,457,Main
2344,595,Main
2359,158,Cameo
1249,48,Death
932,163,Cameo
955,156,Supporting
2490,44,Main
2178,268,Cameo
233,327,Main
1578,210,Supporting
1500,128,Cameo
6,239,Supporting
1256,584,Main
175,69,Main
771,52,Main
1270,154,Main
2350,589,Main
388,567,Supporting
670,297,Main
1515,394,Main
2909,589,Main
2250,302,Main
2732,301,Cameo
1475,370,Main
2422,8,Main
799,409,Cameo
1146,326,Main
2611,350,Main
1007,308,Main
1966,380,Main
2605,252,Main
834,202,Main
2392,389,Main
985,177,Main
1736,121,Cameo
630,124,Flashback
1864,10,Main
874,486,Supporting
1434,27,Death
2288,289,Main
1893,135,Main
440,463,Main
