artist_id,artist
1,Yuka Tanaka
2,Nabana Kensaku
3,Gapao
4,buchi
5,Keiko Fukuyama
6,Misa Tsutsui
7,aspara
8,aoki
9,Uninori
10,Wintr Wandr
11,Keisin
12,HYOGONOSUKE
13,"Big Mama Tagawa, CR CG gangs"
14,Lee HyunJung
15,Kanami Ogata
16,Hiroyuki Yamamoto
17,Tomokazu Komiya
18,Kent Kanetsuna/Direc. Shinji Higuchi
19,Miranda Branley
20,Pokemon Rumble
21,IKEDA Saki
22,Nobuyuki Fujimoto
23,Kazuo Yazawa
24,chibi
25,KG-2000
26,AYUMI ODASHIMA
27,BERUBURI
28,YASHIRO Nanaco
29,imoniii
30,Masako Yamashita
31,Dsuke
32,Hiroaki Ito
33,mele
34,Sachiko Adachi
35,Kinu Nishimura
36,Hiroki Asanuma
37,Hideki Ishikawa
38,Suwama Chiaki
39,Tomoaki Imakuni
40,Mina Nakai
41,MUGENUP
42,2017 Pikachu Project
43,Yuka Morii
44,Motofumi Fujiwara
45,Yoshimi Miyoshi
46,LINNE
47,saino misaki
48,Mt. TBT
49,Kazuaki Aihara
50,Takumi Akabane
51,Yoshioka
52,Yoko Hishida
53,Yuriko Akase
54,D.A.G Inc.
55,Yuu Nishida
56,toi8
57,Ken Sugimori/Yusuke Ohmura
58,miki kudo
59,Apios
60,sadaji
61,SIE NANAHARA
62,so-taro
63,Tetsu Kayama
64,Mika Pikazo
65,K. Hoshiba
66,Ryuta Fuse
67,Dr.Ooyama
68,Hasegawa Saki
69,Hiromichi Sugiyama
70,PLANETA Tsuji
71,Mizue
72,PLANETA Igarashi
73,kawayoo
74,Amelicart
75,Hitoshi Ariga
76,5ban Graphics
77,Masa
78,Po-Suzuki
79,Kent Kanetsuna
80,ORBITALLINK Inc.
81,NC Empire
82,Nisota Niso
83,PLANETA Hiiragi
84,Natsumi Yoshida
85,kamonabe
86,Shinji Higuchi + Noriko Takaya
87,"Keita Komatsuya, CR CG gangs"
88,KIYOTAKA OSHIYAMA
89,Hizuki Misono
90,Shigenori Negishi
91,kantaro
92,Katsura Tabata
93,Asuka Iwashita
94,GIDORA
95,Izucch
96,Gemi
97,Susumu Maeya
98,Tika Matsuno
99,PLANETA Yamashita
100,inose yukie
101,Tomomi Ozaki
102,Takabon
103,satoma
104,Scav
105,KEIICHIRO ITO
106,Kariya
107,Q-rais
108,Mitsuhiro Arita
109,Mugi Hamada
110,tono
111,CR CG gangs
112,Kouki Saitou
113,Shinji Higuchi
114,The Pokémon Company Art Team
115,Saki Hayashiro
116,Ken Sugimori
117,Masakazu Fukuda
118,rika
119,Nobuhiro Imagawa
120,akagi
121,"Katsura Tabata, CR CG gangs"
122,nisimono
123,Sachi Matoba
124,Yukihiro Tada
125,Sumiyoshi Kizuki
126,okayamatakatoshi
127,hanabushi
128,Yuya Oka
129,sowsow
130,Emi Yoshida
131,313
132,Fujimoto Gold
133,Kenkichi Toyama
134,hatachu
135,takashi shiraishi
136,Hikaru Koike
137,Mana Ibe
138,Katsunori Sato
139,Mékayu
140,OKACHEKE
141,Yusuke Shimada
142,TOKIYA
143,otumami
144,Julie Hang
145,Oswaldo KATO
146,Uta
147,Tomowaka
148,osare
149,Akino Fukuji
150,Benimaru Itoh
151,Teeziro
152,HiRON
153,Misaki Hashimoto
154,Koji Nakata
155,Nakamura Ippan
156,yuu
157,Masahiko Ishii
158,Iwamoto05
159,Big Mama Tagawa & Benimaru Itoh
160,Shimaris Yukichi
161,Reiko Tanoue
162,Kagemaru Himeno
163,Hajime Kusajima
164,Kai Ishikawa
165,Asako Ito
166,Tsuyoshi Nagano
167,match
168,Makura Tami
169,Mousho
170,Yoriyuki Ikegami
171,Yusuke Ohmura
172,SATOSHI NAKAI
173,Hideyuki Nakajima
174,Zu-Ka
175,Natsumi Miyanose
176,Shin-ichi Yoshikawa
177,danciao
178,mingo
179,Wataru Kawahara/Direc. Shinji Higuchi
180,USGMEN
181,Eri Kamei
182,"K. Hoshiba, CR CG gangs"
183,kodama
184,Megumi Mizutani
185,nagano
186,KYUPIYAMA
187,Pani Kobayashi
188,Keiko Moritsugu
189,Miki Tanaka
190,Rianti Hidayat
191,Atsuko Nishida
192,Oku
193,T. Honda
194,Kanako Eo
195,svlt
196,Ryota Murayama
197,Orca
198,Midori Harada
199,Tomoko Wakai
200,zig
201,Terada Tera
202,Takashi Yamaguchi
203,Yusuke Ishikawa
204,Hataya
205,Kazuyuki Kano
206,Emi Ando
207,aky CG Works
208,Nurikabe
209,Krgc
210,matazo
211,Jiro Sasumo
212,Jumpei Akasaka
213,MPC Film
214,nagimiso
215,kirisAki
216,PLANETA
217,"Hiromichi Sugiyama, CR CG gangs"
218,PLANETA Otani
219,Natsuko Shoji été
220,Framestore
221,Shinya Mizuno
222,Kunihiko Yuyama
223,tetsuya koizumi
224,Souichirou Gunjima
225,Nabatame Kazutaka
226,MARINA Chikazawa
227,ConceptLab
228,Huang Tzu En
229,Junsei Kuninobu
230,Tomohiro Kitakaze
231,Ayako Ozaki
232,Ryo Ueda
233,Atsushi Furusawa
234,Minahamu
235,DemizuPosuka
236,take
237,Taiga Kasai
238,Iori Suzuki
239,2019 Pikachu Project
240,Nakaoka
241,Jungo Suzuki
242,ryoma uratsuka
243,MINAMINAMI Take
244,Narano
245,Jerky
246,Kamome Shirahama
247,Tonji Matsuno
248,GOTO minori
249,Noriko Uono
250,Yasuki Watanabe
251,Shiburingaru
252,"Shin-ichi Yoshikawa, CR CG gangs"
253,Noriko Hotta
254,sui
255,Hiroki Fuchino
256,Taira Akitsu
257,Shin-ichi Yoshida
258,Makoto Imai
259,Kimiya Masago
260,DOM
261,Aliya Chen
262,Yumi
263,Ounishi
264,Hasuno
265,K Hoshiba
266,Shinya Komatsu
267,MAHOU
268,"Jungo Suzuki, CR CG gangs"
269,Souchirou Gunjima
270,Satoshi Ohta
271,Kyoko Umemoto
272,Shinji Higuchi + Sachiko Eba
273,You Iribi
274,James Turner
275,N-DESIGN Inc.
276,Ryota Saito
277,Anesaki Dynamic
278,Yosuke Da Silva
279,Takumi Wada
280,Haruko Ichikawa
281,Ayaka Yoshida
282,Rond
283,Emi Miwa
284,Naoyo Kimura
285,Kurata So
286,Toshinao Aoki
287,Haru Akasaka
288,OOYAMA
289,Sakiko Maeda
290,Satoshi Shirai
291,Mikiko Takeda
292,Naoki Saito
293,Yukiko Baba
294,Hisao Nakamura
295,Avec Yoko
296,Studio Bora Inc.
297,Eske Yoshinob
298,Shizurow
299,Hideaki Hakozaki
300,Nelnal
301,Kyoko Koizumi
302,Felicia Chen
303,Ligton
304,Narumi Sato
305,AKIRA EGAWA
306,"Yousuke Hirata, CR CG gangs"
307,Keiji Kinebuchi
308,Aya Kusube
309,Kedamahadaitai Yawarakai
310,mashu
311,Taiga Kayama
312,Minato
313,REND
314,Yusuke Kozaki
315,HICO KIM
316,Masako Tomii
317,Shin Nagasawa
318,Craig Turvey
319,K. Utsunomiya
320,"Ryuta Kusumi, CR CG gangs"
321,Etsuya Hattori
322,Shibuzoh.
323,Saboteri
324,Kouji Tajima
325,Shinji Kanda
326,Kazuma Koda
327,Arai Kiriko
328,Fumie Kittaka
329,cochi8i
330,Imakuni?
331,Takao Unno
332,Saya Tsuruta
333,Sekio
334,Toyste Beach
335,Daisuke Ito
336,PLANETA Mochizuki
337,Hoshino KURO
338,Heisuke Kitazawa
339,En Morikura
340,Akira Komayama
341,Big Mama Tagawa
342,Kazumasa Yasukuni
343,Yuichi Sawayama
344,Tomomi Kaneko
345,M. Akiyama
346,kurumitsu
347,Ken Ikuji
348,Maiko Fujiwara
349,Mori Yuu
350,Hideki Kazama
351,Sanosuke Sakuma
352,Bun Toujo
353,akyCG Works
354,Gakuji Nomoto
355,Yoshinobu Saito
356,takuyoa
357,hncl
358,Megumi Higuchi
359,Whisker
360,Takeshi Nakamura
361,Raita Kazama
362,Atsuko Ujiie
363,Atsuya Uki
364,Milky Isobe
365,Cona Nitanda
366,kanahei
367,Yuri Umemura
368,Nagomi Nijo
369,Yano Keiji
370,Christopher Rush
371,OKUBO
372,Hironobu Yoshida
373,GAME FREAK inc.
374,Wataru Kawahara
375,Kuroimori
376,GOSSAN
377,Eri Yamaki
378,toriyufu
